,City,Country,Date,Latitude,Longitude,Cloudiness (%),Humidity (%),Max Temp (F),Wind Speed (mph)
0,tuatapere,NZ,,-46.1333,167.6833,11,82,50.92,2.46
1,manokwari,ID,,-0.8667,134.0833,77,74,83.17,5.01
2,sitka,US,,57.0531,-135.33,100,71,48.09,6.91
3,butterworth,MY,,5.3991,100.3638,20,79,89.64,5.75
4,vaini,TO,,-21.2,-175.2,75,68,73.56,8.05
5,cape town,ZA,,-33.9258,18.4232,0,85,54.12,1.14
6,nikolskoye,RU,,59.7035,30.7861,81,79,47.88,7.63
7,sokone,SN,,13.8833,-16.3667,1,80,72.25,7.43
8,busselton,AU,,-33.65,115.3333,100,55,62.76,7.47
9,chantada,ES,,42.6088,-7.7712,70,98,52.07,4.34
10,grand river south east,,,,,,,,
11,kaseda,JP,,31.4167,130.3167,100,60,63.52,12.59
12,rikitea,PF,,-23.1203,-134.9692,100,74,76.48,21.07
13,brownwood,US,,31.7093,-98.9912,3,58,81.72,9.69
14,byron bay,AU,,-28.65,153.6167,51,88,74.8,4.59
15,hualmay,PE,,-11.0964,-77.6139,25,89,62.19,7.31
16,mahon,ES,,39.8885,4.2658,0,94,61.36,6.91
17,taolanaro,,,,,,,,
18,bredasdorp,ZA,,-34.5322,20.0403,0,87,50.65,3.13
19,mitsamiouli,KM,,-11.3847,43.2844,0,69,80.76,6.91
20,torbay,CA,,47.6666,-52.7314,20,93,31.75,5.75
21,castro,BR,,-24.7911,-50.0119,100,98,55.67,3.18
22,acapulco,MX,,16.8634,-99.8901,100,74,84.02,8.05
23,lompoc,US,,34.6391,-120.4579,0,84,63.01,6.91
24,linchuan,,,,,,,,
25,gobabis,NA,,-22.45,18.9667,0,33,54.79,7.38
26,lalibela,ET,,12.0333,39.0333,3,29,68.22,4.47
27,hithadhoo,MV,,-0.6,73.0833,72,69,82.63,6.13
28,cabra,ES,,37.4725,-4.4421,42,91,57.38,3.2
29,coquimbo,CL,,-29.9533,-71.3436,100,94,55.13,8.05
30,orangeville,CA,,43.9168,-80.0997,73,92,62.58,1.86
31,aykhal,RU,,66,111.5,100,89,40.82,3.85
32,ushuaia,AR,,-54.8,-68.3,40,75,42.46,13.8
33,ponta do sol,PT,,32.6667,-17.1,23,75,66.7,7.9
34,albany,US,,42.6001,-73.9662,100,87,68.18,3.11
35,upernavik,GL,,72.7868,-56.1549,15,89,5.09,4.25
36,pacific grove,US,,36.6177,-121.9166,0,86,61.02,11.99
37,chuy,UY,,-33.6971,-53.4616,91,91,55.63,7.25
38,hambantota,LK,,6.1241,81.1185,40,74,88.14,13.8
39,tuktoyaktuk,CA,,69.4541,-133.0374,100,80,24.8,10.36
40,bengkulu,ID,,-3.8004,102.2655,17,72,85.55,8.03
41,ocos,GT,,14.5094,-92.1933,29,72,83.88,5.57
42,lata,PT,,40.1629,-8.3327,92,90,59.56,5.08
43,beipiao,CN,,41.7919,120.7792,53,14,72.79,11.56
44,ust-nera,RU,,64.5667,143.2,100,88,35.89,8.34
45,northam,GB,,51.0333,-4.2167,100,95,53.62,11.1
46,same,TZ,,-4.0667,37.7333,48,82,67.69,2.71
47,batagay-alyta,RU,,67.8006,130.4114,66,69,22.3,4.68
48,tari,NG,,12.4086,4.4914,42,53,86.02,7.49
49,qaanaaq,GL,,77.484,-69.3632,68,66,15.8,6.38
50,otavi,NA,,-19.65,17.3333,0,35,58.5,5.57
51,utinga,BR,,-5.8172,-35.3954,75,100,77.4,4.61
52,puerto del rosario,ES,,28.5004,-13.8627,0,82,65.95,9.22
53,sampit,ID,,-2.5333,112.95,100,56,90.41,3.98
54,punta arenas,CL,,-53.15,-70.9167,20,93,37.51,6.91
55,ponta delgada,PT,,37.7333,-25.6667,75,67,59.72,26.46
56,mataura,NZ,,-46.1927,168.8643,22,87,50.49,1.19
57,comodoro rivadavia,AR,,-45.8667,-67.5,0,57,46.26,10.36
58,puerto ayora,EC,,-0.7393,-90.3518,98,96,72.55,1.01
59,kapaa,US,,22.0752,-159.319,0,72,80.58,12.66
60,karpathos,GR,,35.507,27.2132,20,82,64.36,18.41
61,balclutha,NZ,,-46.2339,169.75,39,92,47.01,2.62
62,bluff,NZ,,-46.6,168.3333,56,73,50.81,5.91
63,amderma,,,,,,,,
64,atuona,PF,,-9.8,-139.0333,16,78,78.21,17.56
65,ancud,CL,,-41.8697,-73.8203,0,84,44.04,5.99
66,dwarka,IN,,22.2394,68.9678,0,70,86.13,15.17
67,launceston,AU,,-41.45,147.1667,100,78,61.81,24.16
68,belushya guba,,,,,,,,
69,ribeira grande,PT,,38.5167,-28.7,84,62,60.24,26.24
70,akom,CM,,2.6678,12.7109,100,98,67.98,0.98
71,avarua,CK,,-21.2078,-159.775,75,69,78.85,6.91
72,urumqi,CN,,43.801,87.6005,0,8,79.75,15.66
73,provideniya,RU,,64.3833,-173.3,99,89,37.22,10.87
74,ajdabiya,LY,,30.7554,20.2263,0,70,65.01,5.59
75,port lincoln,AU,,-34.7333,135.8667,25,67,64.18,23.42
76,barrow,US,,71.2906,-156.7887,0,93,28.42,16.11
77,rawson,AR,,-43.3002,-65.1023,0,58,49.28,21.5
78,east london,ZA,,-33.0153,27.9116,0,87,54.54,9.22
79,chokurdakh,RU,,70.6333,147.9167,100,83,22.82,3.69
80,atambua,ID,,-9.1061,124.8925,94,70,81.81,1.9
81,taft,IR,,31.7471,54.2088,0,28,64.35,2.3
82,codrington,AU,,-38.2667,141.9667,19,61,65.43,22.59
83,hami,CN,,42.8,93.45,28,5,78.46,9.48
84,dikson,RU,,73.5069,80.5464,100,88,31.98,3.06
85,nizhneyansk,,,,,,,,
86,mahebourg,MU,,-20.4081,57.7,40,83,79.25,8.05
87,cabo san lucas,MX,,22.8909,-109.9124,100,55,81.7,9.17
88,saint-pierre,RE,,-21.3393,55.4781,0,53,74.91,6.91
89,thompson,CA,,55.7435,-97.8558,100,100,39.36,2.3
90,westport,US,,41.1415,-73.3579,100,96,65.3,3.44
91,tiksi,RU,,71.6872,128.8694,35,86,20.89,8.01
92,vila velha,BR,,-20.3297,-40.2925,100,94,71.55,4.61
93,souillac,MU,,-20.5167,57.5167,40,83,75.58,8.05
94,peniche,PT,,39.3558,-9.3811,100,90,63.09,11.32
95,arraial do cabo,BR,,-22.9661,-42.0278,98,73,72.77,15.68
96,bandarbeyla,SO,,9.4942,50.8122,8,59,87.94,19.13
97,taitung,TW,,22.7583,121.1444,75,94,75.47,10.36
98,sevilla,ES,,37.3824,-5.9761,75,88,64.08,4.61
99,padang,ID,,-0.9492,100.3543,17,72,87.85,5.79
100,tasiilaq,GL,,65.6145,-37.6368,100,70,26.76,4.97
101,tsabong,BW,,-26.0217,22.401,0,26,57.2,9.22
102,faya,SA,,18.3851,42.4509,0,14,66.31,9.8
103,ostrovnoy,RU,,68.0531,39.5131,76,71,40.06,7.2
104,jamestown,US,,42.097,-79.2353,100,92,65.79,0
105,cherskiy,RU,,68.75,161.3,96,74,28.36,15.46
106,guerrero negro,MX,,27.9769,-114.0611,8,81,61.83,10.69
107,bonavista,CA,,48.6499,-53.1147,19,74,33.73,2.37
108,batavia,US,,41.85,-88.3126,0,64,71.58,6.91
109,port alfred,ZA,,-33.5906,26.891,0,79,58.32,2.57
110,kismayo,SO,,-0.3582,42.5454,86,75,81.86,13.87
111,basoko,CD,,1.2391,23.616,98,92,72.5,1.32
112,goure,NE,,13.9835,10.2704,65,19,75.34,7.74
113,umzimvubu,,,,,,,,
114,namatanai,PG,,-3.6667,152.4333,54,64,84.79,4.03
115,new norfolk,AU,,-42.7826,147.0587,66,56,67.5,1.99
116,attawapiskat,,,,,,,,
117,yulara,AU,,-25.2406,130.9889,33,39,76.71,9.31
118,hilo,US,,19.7297,-155.09,75,84,75.27,10.36
119,yellowknife,CA,,62.456,-114.3525,75,53,48.72,11.5
120,butaritari,KI,,3.0707,172.7902,4,71,81.37,6.46
121,juifang,,,,,,,,
122,rongcheng,CN,,30.634,117.8517,100,40,70.97,6.4
123,atar,MR,,20.5169,-13.0499,93,13,86.67,7.23
124,thinadhoo,MV,,0.5333,72.9333,93,70,83.37,9.75
125,khatanga,RU,,71.9667,102.5,100,100,33.71,11.39
126,iqaluit,CA,,63.7506,-68.5145,75,79,17.33,9.22
127,avera,US,,33.194,-82.5271,100,69,65.71,3.36
128,faanui,PF,,-16.4833,-151.75,19,65,81.46,6.06
129,constitucion,CL,,-35.3333,-72.4167,0,57,50.94,4.97
130,katherine,AU,,-14.4667,132.2667,0,19,97.12,10.36
131,narsaq,GL,,60.9167,-46.05,98,63,37.62,5.06
132,abonnema,NG,,4.7084,6.7931,33,93,76.48,2.42
133,bethel,US,,41.3712,-73.414,100,93,65.35,4.61
134,mayo,US,,38.8876,-76.5119,100,97,66.61,0
135,tukrah,LY,,32.5341,20.5791,0,78,65.03,4.16
136,okakarara,NA,,-20.5833,17.4333,0,37,52.41,4.5
137,illoqqortoormiut,,,,,,,,
138,biak,ID,,-0.9131,122.8766,100,78,81.68,3.67
139,barentsburg,,,,,,,,
140,sola,VU,,-13.8833,167.55,83,73,79.83,15.23
141,luderitz,NA,,-26.6481,15.1594,14,39,62.94,7.54
142,salalah,OM,,17.0151,54.0924,1,65,84.29,1.14
143,benemerito de las americas,MX,,16.5167,-90.6439,71,67,75,0.96
144,vila,PT,,42.0304,-8.1588,67,92,52.68,6.02
145,bara,NG,,10.3744,10.7288,88,64,80.37,6.22
146,lavrentiya,RU,,65.5833,-171,100,98,33.24,5.44
147,fort-shevchenko,KZ,,44.5086,50.263,42,67,61.79,7.14
148,areosa,PT,,41.7178,-8.8571,88,93,60.71,16.96
149,nara,JP,,34.6851,135.8049,100,31,69.49,4.83
150,lagoa,PT,,39.05,-27.9833,79,65,58.55,28.01
151,tautira,PF,,-17.7333,-149.15,21,74,80.28,9.31
152,saskylakh,RU,,71.9167,114.0833,100,99,32.9,10.07
153,port elizabeth,ZA,,-33.918,25.5701,0,92,52.32,4.61
154,berezovyy,RU,,51.6667,135.7,100,49,51.15,1.28
155,along,IN,,28.1667,94.7667,99,84,76.12,2.73
156,urucara,BR,,-2.5364,-57.76,100,99,73.53,1.99
157,vostok,RU,,46.4856,135.8833,88,61,49.19,14.14
158,saint-philippe,RE,,-21.3585,55.7679,69,84,74.79,9.35
159,sulangan,PH,,11.1373,123.7228,97,75,82.94,4.23
160,cascais,PT,,38.6979,-9.4215,100,74,65.52,15.01
161,yerbogachen,RU,,61.2767,108.0108,62,29,65.53,5.82
162,culebra,PR,,18.303,-65.301,100,93,80.64,7
163,jatai,BR,,-17.8814,-51.7144,93,59,71.49,2.57
164,kiruna,SE,,67.8557,20.2251,46,87,36.52,4.61
165,georgetown,MY,,5.4112,100.3354,20,78,89.53,5.75
166,fortuna,US,,40.5982,-124.1573,100,94,57.09,0
167,olafsvik,IS,,64.8945,-23.7142,100,94,43.66,15.37
168,creston,US,,41.0586,-94.3614,20,100,62.56,6.91
169,puerto quijarro,BO,,-17.7833,-57.7667,97,68,78.15,6.78
170,nanortalik,GL,,60.1432,-45.2371,100,85,31.05,5.7
171,iskateley,RU,,67.6803,53.1512,90,83,40.08,13.62
172,hovd,MN,,48.0056,91.6419,0,11,66.51,6.69
173,mar del plata,AR,,-38.0023,-57.5575,0,81,45.95,6.91
174,kavieng,PG,,-2.5744,150.7967,57,63,84.58,3.15
175,port-gentil,GA,,-0.7193,8.7815,100,86,80.11,10.92
176,hermanus,ZA,,-34.4187,19.2345,1,80,50.81,8.84
177,saint george,US,,37.1041,-113.5841,0,12,82.99,1.99
178,harper,LR,,4.375,-7.7169,93,88,77.68,4.61
179,kisangani,CD,,0.5167,25.2,93,99,71.2,0.58
180,salekhard,RU,,66.53,66.6019,100,93,45.36,10.69
181,quatre cocos,MU,,-20.2078,57.7625,16,75,79.09,13.4
182,grindavik,IS,,63.8424,-22.4338,100,100,46.87,14.97
183,hobart,AU,,-42.8794,147.3294,40,53,67.86,8.05
184,kutum,SD,,14.2,24.6667,86,43,78.22,8.03
185,cumaribo,,,,,,,,
186,taltal,CL,,-25.4,-70.4833,24,81,58.62,0.78
187,neiafu,TO,,-18.65,-173.9833,40,65,77.68,5.75
188,cidreira,BR,,-30.1811,-50.2056,100,97,62.65,7.16
189,taoudenni,ML,,22.6783,-3.9836,13,9,79,11.79
190,pisco,PE,,-13.7,-76.2167,100,82,64.45,4.61
191,dedza,MW,,-14.3779,34.3332,0,70,52.88,2.01
192,newberry,US,,34.2746,-81.6187,82,95,66.49,3.71
193,sao filipe,CV,,14.8961,-24.4956,82,74,74.98,9.66
194,devils lake,US,,48.1128,-98.8651,40,75,48.18,9.22
195,sentyabrskiy,,,,,,,,
196,margate,GB,,51.3813,1.3862,87,84,58.3,1.99
197,colares,PT,,38.7992,-9.4469,100,75,65.34,15.01
198,esperance,AU,,-33.8667,121.9,100,69,57.04,13.65
199,henties bay,NA,,-22.116,14.2845,0,77,57.83,2.77
200,bijie,CN,,27.3125,105.2942,100,91,47.93,9.06
201,college,US,,64.8569,-147.8028,75,64,48.58,8.05
202,rundu,NA,,-17.9333,19.7667,12,41,57.56,4.61
203,nouadhibou,MR,,20.931,-17.0347,100,68,71.58,17.27
204,weligama,LK,,5.9667,80.4167,97,84,81.95,14.45
205,san patricio,US,,28.017,-97.5169,0,90,80.49,10.51
206,concordia,AR,,-31.393,-58.0209,40,85,55.78,8.99
207,muli,MV,,2.9167,73.5667,96,75,83.44,15.68
208,khasan,RU,,42.4308,130.6434,56,41,60.24,14.94
209,dudinka,RU,,69.4058,86.1778,100,100,36.64,5.03
210,tura,IN,,25.5198,90.2201,84,84,81.18,7
211,flin flon,CA,,54.7682,-101.865,100,94,32.31,11.81
212,santiago del estero,AR,,-27.7951,-64.2615,82,62,63.34,6.22
213,tessaoua,NE,,13.7574,7.9874,78,16,78.46,9.93
214,dondo,MZ,,-19.6094,34.7431,12,92,65.71,3.65
215,athabasca,CA,,54.7169,-113.2854,2,57,46.81,6.31
216,sakakah,SA,,29.9697,40.2064,0,13,74.77,11.79
217,tshikapa,CD,,-6.4167,20.8,39,69,72.03,1.9
218,behshahr,IR,,36.6923,53.5526,0,34,64.35,3.83
219,vardo,NO,,70.3705,31.1107,100,93,39.18,2.3
220,kloulklubed,PW,,7.0419,134.2556,11,76,82.9,8.59
221,nguiu,,,,,,,,
222,aksu,CN,,41.1231,80.2644,100,31,73.04,7.16
223,severo-kurilsk,RU,,50.6789,156.125,100,96,37.11,26.49
224,victoria,HK,,22.2855,114.1577,100,89,77.38,11.99
225,kodiak,US,,57.79,-152.4072,0,40,49.51,13.8
226,waipawa,NZ,,-41.4122,175.5153,100,96,53.02,5.35
227,guaratinga,BR,,-16.5667,-39.5667,100,96,66.81,3.89
228,walvis bay,NA,,-22.9575,14.5053,0,29,65.35,10.36
229,yurya,,,,,,,,
230,stanger,ZA,,-29.3282,31.2895,99,89,62.49,6.85
231,lorengau,PG,,-2.0226,147.2712,91,64,85.05,8.28
232,jalor,IN,,25.35,72.6167,0,25,98.35,18.59
233,blagoyevo,RU,,63.3667,47.9167,100,74,54.66,3.76
234,cabedelo,BR,,-6.9811,-34.8339,43,86,77.67,8.37
235,poum,NC,,-20.2333,164.0167,89,72,77.65,10.69
236,marcona,,,,,,,,
237,hofn,IS,,64.2539,-15.2082,100,87,43.63,9.91
238,aklavik,CA,,68.2191,-135.0107,96,79,29.07,2.06
239,rock sound,BS,,24.9,-76.2,62,83,77.25,15.14
240,punta alta,AR,,-38.8759,-62.0736,1,70,47.59,11.63
241,sao joao da ponte,BR,,-15.9292,-44.0078,91,77,62.67,4.21
242,lunglei,IN,,22.8833,92.7333,88,53,84.25,4.9
243,qeshm,IR,,26.9581,56.2719,0,55,85.87,5.68
244,swinoujscie,PL,,53.9105,14.2471,6,78,51.26,12.57
245,olinda,BR,,-8.0089,-34.8553,75,74,82.13,10.36
246,saint anthony,US,,45.0205,-93.218,0,56,61.75,9.22
247,perth,AU,,-31.9333,115.8333,75,61,66.99,4.61
248,clyde river,CA,,70.4692,-68.5914,0,79,14.23,5.75
249,haapiti,PF,,-17.5667,-149.8667,0,63,80.33,9.93
250,honningsvag,NO,,70.9821,25.9704,100,87,40.75,4.61
251,haines junction,CA,,60.7522,-137.5108,100,100,31.95,2.3
252,kruisfontein,ZA,,-34.0033,24.7314,0,86,50.27,5.95
253,fairfield,US,,41.2668,-73.3162,100,95,64.63,4.61
254,raudeberg,NO,,61.9875,5.1352,100,86,43.95,3.69
255,shimoda,JP,,34.6667,138.95,89,76,70.16,12.64
256,beyla,GN,,8.6833,-8.6333,100,96,67.1,3.56
257,teahupoo,PF,,-17.8333,-149.2667,15,73,75.16,9.8
258,canavieiras,BR,,-15.675,-38.9472,100,92,72.46,5.21
259,ahipara,NZ,,-35.1667,173.1667,59,81,64.69,9.71
260,marsh harbour,BS,,26.5412,-77.0636,24,85,77.45,12.93
261,maumere,ID,,-8.6199,122.2111,71,66,84.63,1.81
262,sydney,AU,,-33.8679,151.2073,97,77,76.75,4
263,canete,CL,,-37.8,-73.4,0,64,46,4.72
264,bereda,ES,,43.2686,-7.5406,100,99,52.02,2.8
265,san andres,CO,,12.5847,-81.7006,100,83,80.62,4.61
266,nerchinskiy zavod,RU,,51.3088,119.61,52,23,56.57,10.89
267,caravelas,BR,,-17.7125,-39.2481,100,74,73.81,7.78
268,alofi,NU,,-19.0595,-169.9187,83,61,76.89,6.91
269,pandan,PH,,14.0453,124.1694,68,74,85.69,5.86
270,nichinan,JP,,31.6,131.3667,100,71,67.68,2.15
271,jahazpur,IN,,25.6167,75.2833,5,16,103.19,10.94
272,san luis,AR,,-33.295,-66.3356,93,75,45.61,12.66
273,tarko-sale,RU,,64.9225,77.785,93,62,61.74,16.06
274,guatire,VE,,10.4762,-66.5427,100,97,78.21,2.17
275,carnarvon,AU,,-24.8667,113.6333,0,31,73.08,14.81
276,lugovoy,KZ,,42.9472,72.7644,100,64,65.12,6.49
277,mmabatho,ZA,,-25.85,25.6333,0,76,53.56,4.61
278,persianovskiy,RU,,47.5137,40.1075,40,88,59.52,6.71
279,porto novo,BJ,,6.4965,2.6036,49,85,80.42,4.05
280,tsihombe,,,,,,,,
281,isangel,VU,,-19.55,169.2667,55,62,77.18,11.1
282,kaitangata,NZ,,-46.2817,169.8464,55,88,48.9,4.56
283,beringovskiy,RU,,63.05,179.3167,100,73,43.99,14.47
284,nalut,LY,,30.3333,10.85,0,26,65.82,7.74
285,port moresby,PG,,-9.4431,147.1797,40,70,87.22,11.5
286,mullaitivu,,,,,,,,
287,paamiut,GL,,61.994,-49.6678,80,71,27.01,11.9
288,nome,US,,64.5011,-165.4064,100,93,33.87,10.36
289,naini tal,IN,,29.3974,79.4469,0,12,82.6,6.24
290,bowen,AU,,-20.0167,148.2333,14,72,76.68,2.86
291,pimentel,PE,,-6.8367,-79.9342,92,86,64,10.13
292,mys shmidta,,,,,,,,
293,koumra,TD,,8.9126,17.5539,95,76,77.36,8.03
294,sao joao da barra,BR,,-21.6403,-41.0511,96,74,72.18,8.79
295,baykit,RU,,61.67,96.37,99,40,69.53,1.7
296,lebu,CL,,-37.6167,-73.65,0,66,47.68,6.4
297,escanaba,US,,45.7453,-87.0646,40,77,59.5,4.61
298,cortes,ES,,41.9395,-1.4396,67,83,62.65,6.58
299,pitea,SE,,65.3172,21.4794,13,68,42.89,9.51
300,petropavlovsk-kamchatskiy,RU,,53.0452,158.6483,75,87,39.79,15.66
301,emerald,AU,,-23.5333,148.1667,54,57,83.34,7.4
302,saleaula,,,,,,,,
303,ust-maya,RU,,60.4167,134.5333,100,85,40.5,12.39
304,vao,NC,,-22.6667,167.4833,23,71,73.89,13
305,zyryanka,RU,,65.75,150.85,98,78,30.85,7.56
306,portland,US,,45.5234,-122.6762,20,55,64.38,0
307,aden,YE,,12.7794,45.0367,5,43,90.21,8.32
308,avdiyivka,UA,,48.1399,37.7426,47,67,55.44,10.09
309,butembo,CD,,0.15,29.2833,85,88,60.19,1.95
310,nishihara,JP,,26.1842,127.7558,75,92,71.26,25.32
311,karauzyak,,,,,,,,
312,montreal,CA,,45.5088,-73.5878,75,72,71.01,3.44
313,lewisporte,CA,,49.2499,-55.0482,7,76,40.71,3.47
314,xiamen,CN,,24.4798,118.0819,100,100,63.25,11.18
315,zyukayka,RU,,58.2025,54.7003,84,63,54.86,9.57
316,srandakan,ID,,-7.9386,110.2506,100,70,85.73,4.94
317,broken hill,AU,,-31.95,141.4333,0,35,71.19,13.04
318,isla mujeres,MX,,21.2311,-86.731,0,67,77.16,7.65
319,lubao,PH,,14.9167,120.55,71,46,94.71,8.39
320,oltina,RO,,44.1667,27.6667,100,73,64.96,8.97
321,huarmey,PE,,-10.0681,-78.1522,44,86,63.82,7.43
322,montego bay,JM,,18.4712,-77.9188,20,94,76.8,2.3
323,termiz,UZ,,37.2242,67.2783,40,43,75.29,2.3
324,kamenskoye,,,,,,,,
325,tezu,IN,,27.9167,96.1667,100,99,71.8,4.74
326,guilin,CN,,25.2819,110.2864,100,93,62.71,7.49
327,lolua,,,,,,,,
328,falealupo,,,,,,,,
329,garowe,SO,,8.4054,48.4845,30,56,83.43,20.6
330,isfana,KG,,39.8386,69.5306,100,65,55.96,5.37
331,sorland,NO,,67.667,12.6934,69,86,42.66,23.22
332,pijijiapan,MX,,15.7011,-93.23,9,80,78.93,2.8
333,san francisco,US,,37.7749,-122.4194,20,81,70.29,19.57
334,bela vista de goias,BR,,-16.9728,-48.9533,56,60,69.15,4.14
335,waterloo,CA,,43.4668,-80.5164,20,100,64.78,3.44
336,voh,NC,,-20.9667,164.7,90,63,79.65,5.35
337,vestmannaeyjar,IS,,63.4427,-20.2734,100,94,47.84,21.03
338,sokolo,ML,,14.7328,-6.1219,87,11,82.56,11.7
339,paso de los toros,UY,,-32.8167,-56.5167,73,96,49.78,7.81
340,banepa,NP,,27.6298,85.5214,75,83,71.92,8.05
341,sao felix do xingu,BR,,-6.6447,-51.995,95,98,72.3,1.25
342,vaitupu,,,,,,,,
343,smidovich,RU,,48.6,133.8167,94,25,59.4,21.23
344,laguna,US,,38.421,-121.4238,0,47,76.95,1.01
345,gubkinskiy,RU,,64.434,76.5026,98,87,53.87,9.75
346,san cristobal,VE,,7.7669,-72.225,99,93,69.98,2.21
347,shumskiy,RU,,54.8318,99.1328,17,15,77.04,7.52
348,mae hong son,TH,,19.3003,97.9685,75,58,89.74,5.75
349,marienburg,PL,,54.0359,19.0266,44,80,52.88,10
350,mehamn,NO,,71.0357,27.8492,100,86,37.31,6.38
351,nirasaki,JP,,35.7,138.45,42,52,72.48,3
352,kirakira,SB,,-10.4544,161.9205,68,76,82.51,1.07
353,alexandria,EG,,31.2156,29.9553,0,77,64.36,8.05
354,makaha,US,,21.4694,-158.2175,0,60,82.31,6.91
355,pangkalanbuun,ID,,-2.6833,111.6167,68,48,93.45,3.53
356,resende,BR,,-22.4689,-44.4467,85,97,62.98,1.23
357,uwayl,,,,,,,,
358,nanchang,CN,,28.6833,115.8833,100,79,63.3,4.27
359,key west,US,,24.5557,-81.7826,0,72,84.2,4.61
360,satitoa,,,,,,,,
361,geraldton,AU,,-28.7667,114.6,100,60,70.21,6.91
362,cefalu,IT,,38.0386,14.0229,3,64,67.75,3
363,kongolo,CD,,-5.3833,27,52,80,69.69,3.13
364,miyako,JP,,39.6367,141.9525,100,42,62.28,9.53
365,muros,ES,,42.7762,-9.0603,94,72,65.16,19.1
366,vila franca do campo,PT,,37.7167,-25.4333,68,76,59.41,18.7
367,posadas,AR,,-27.3671,-55.8961,0,94,62.58,6.91
368,mnogovershinnyy,RU,,53.9353,139.9242,100,97,30.43,10.49
369,saint-augustin,CA,,51.226,-58.6502,86,87,39.9,7.72
370,ternova,UA,,50.1849,36.6757,79,81,51.71,12.35
371,vega de alatorre,MX,,20.0333,-96.6333,44,81,76.78,3.87
372,maxixe,MZ,,-23.8597,35.3472,40,94,64.22,4.61
373,langfang,CN,,39.5097,116.6947,5,11,79.38,8.32
374,talnakh,RU,,69.4865,88.3972,100,100,37.45,7.07
375,saldanha,ZA,,-33.0117,17.9442,0,78,48.25,8.34
376,banjarmasin,ID,,-3.3244,114.591,98,52,89.74,1.95
377,plouzane,FR,,48.3833,-4.6167,0,97,57.25,3.44
378,tabou,CI,,4.423,-7.3528,85,88,77.9,5.66
379,taybad,IR,,34.74,60.7756,0,24,68.27,20.15
380,saint marys,US,,30.7305,-81.5465,40,91,75.06,0
381,san carlos de bariloche,AR,,-41.1456,-71.3082,0,69,32.25,8.05
382,namibe,AO,,-15.1961,12.1522,0,67,70.3,3.47
383,balsas,BR,,-7.5325,-46.0356,98,62,78.71,2.93
384,ardrishaig,GB,,56.0157,-5.4481,69,86,47.84,4.14
385,betsiamites,CA,,48.9413,-68.646,42,74,55.8,7.61
386,bandundu,CD,,-3.3167,17.3667,95,96,72.09,1.92
387,fare,PF,,-16.7,-151.0167,13,69,81.05,7.58
388,camacha,PT,,33.0833,-16.3333,40,82,62.02,11.5
389,san quintin,MX,,30.4833,-115.95,0,73,63.25,6.31
390,jalu,LY,,29.0331,21.5482,0,48,67.14,7.99
391,longyearbyen,SJ,,78.2186,15.6401,0,74,28.24,0
392,bambous virieux,MU,,-20.3428,57.7575,40,83,79.21,8.05
393,stephenville,US,,32.2207,-98.2023,0,68,79.86,5.99
394,jiddah,,,,,,,,
395,contamana,PE,,-7.3333,-75.0167,39,93,73.51,2.21
396,bonoua,CI,,5.2741,-3.595,90,92,76.62,2.8
397,uruzgan,AF,,32.8333,66,35,16,74.88,7.07
398,disa,IN,,24.25,72.1667,0,30,97.75,11.48
399,los llanos de aridane,ES,,28.6585,-17.9182,100,73,64.15,3.44
400,rassvet,RU,,46.8333,40.75,60,100,53.87,0.45
401,boa vista,BR,,2.8197,-60.6733,75,78,78.78,9.22
402,andros town,BS,,24.7,-77.7667,68,78,78.76,13.42
403,prince rupert,CA,,54.3161,-130.3201,20,79,48.29,4.61
404,totoro,CO,,2.512,-76.4012,99,96,50.59,3.11
405,ayan,RU,,56.45,138.1667,100,99,34.02,27.74
406,pathalgaon,IN,,22.5667,83.4667,21,24,102.52,14.85
407,maralal,KE,,1.0968,36.698,40,64,62.87,3.74
408,pokhara,NP,,28.2333,83.9833,57,40,86.92,2.86
409,bathsheba,BB,,13.2167,-59.5167,20,74,81.21,18.41
410,itaituba,BR,,-4.2761,-55.9836,99,99,73.8,1.72
411,zachagansk,,,,,,,,
412,bud,US,,39.447,-86.1758,99,96,64.24,4.34
413,kaiyuan,CN,,23.6977,103.3037,100,72,68,4.94
414,te anau,NZ,,-45.4167,167.7167,10,82,52.68,1.88
415,yaan,NG,,7.3833,8.5667,46,93,74.62,5.1
416,vilyuysk,RU,,63.7553,121.6247,35,43,41.25,5.57
417,seshcha,RU,,53.7361,33.3387,100,94,46.06,8.57
418,asau,RO,,46.4333,26.4,58,55,62.96,2.59
419,sarankhola,BD,,22.3082,89.7897,95,57,92.91,14.54
420,slave lake,CA,,55.2834,-114.769,0,37,49.98,5.75
421,hamilton,US,,39.1834,-84.5333,0,95,64.6,3.44
422,narrabri,AU,,-30.3167,149.7833,100,74,76.51,1.01
423,bolshiye berezniki,,,,,,,,
424,kapit,MY,,2.0167,112.9333,49,42,95.88,1.41
425,pedernales,DO,,18.0384,-71.744,100,72,79.07,4.34
426,biu,NG,,10.6129,12.1946,86,50,78.04,3.4
427,adolfo lopez mateos,MX,,28.4667,-107.3,66,11,64.92,2.75
428,mizan teferi,ET,,6.9833,35.5833,91,94,66.43,1.99
429,sambava,MG,,-14.2667,50.1667,7,69,76.01,12.84
430,rabo de peixe,PT,,37.8,-25.5833,75,94,58.51,26.46
431,kinel-cherkassy,RU,,53.4706,51.4743,25,71,57.13,8.99
432,tucurui,BR,,-3.7661,-49.6725,98,98,73.63,2.19
433,almetyevsk,RU,,54.9044,52.3154,6,74,54.99,11.92
434,yerkoy,TR,,39.6381,34.4672,100,63,60.39,2.98
435,flinders,AU,,-34.5833,150.8552,97,90,71.19,5.99
436,ulyanovka,RU,,59.6394,30.7647,83,79,47.68,7.67
437,long beach,US,,33.767,-118.1892,0,46,80.71,4.61
438,dicabisagan,PH,,17.0818,122.4157,80,70,87.03,10.42
439,puerto colombia,CO,,10.9878,-74.9547,64,80,82.49,5.91
440,cedar rapids,US,,42.0083,-91.6441,0,56,71.8,4.61
441,viedma,AR,,-40.8135,-62.9967,5,64,48.99,17.27
442,rockwall,US,,32.9001,-96.4003,0,79,83.32,5.75
443,adrar,MR,,20.5022,-10.0711,88,12,81.86,8.77
444,nizhniy kuranakh,RU,,58.8353,125.4869,99,63,39.76,7.47
445,berlevag,NO,,70.8578,29.0864,100,93,40.8,10.36
446,somogyvar,HU,,46.5814,17.6629,1,68,60.28,2.15
447,muravlenko,RU,,63.7898,74.523,97,64,58.19,12.06
448,richards bay,ZA,,-28.783,32.0377,95,92,65.95,5.84
449,namuac,PH,,18.6109,121.1657,67,70,85.53,3.42
450,anadyr,RU,,64.75,177.4833,20,75,43.3,22.37
451,susurluk,TR,,39.9136,28.1578,5,64,66.83,0.69
452,moree,AU,,-29.4667,149.85,79,70,74.25,8.61
453,saurimo,AO,,-9.6608,20.3916,0,60,60.31,5.97
454,kropotkin,RU,,45.4375,40.5756,20,63,58.68,13.94
455,koulikoro,ML,,14,-7.75,61,14,78.89,9.86
456,coihaique,CL,,-45.5752,-72.0662,0,93,30.81,1.14
457,fuerte,PH,,17.5381,120.3644,95,83,91.11,9.37
458,puro,PH,,12.4841,123.3827,54,64,87.62,5.32
459,sioux lookout,CA,,50.1001,-91.917,100,76,46.47,5.75
460,natal,BR,,-5.795,-35.2094,40,94,77.22,4.61
461,meulaboh,ID,,4.1363,96.1285,100,92,78.57,4
462,crab hill,,,,,,,,
463,dong hoi,VN,,17.4833,106.6,70,65,89.87,4.36
464,chifeng,CN,,42.2683,118.9636,75,15,68.52,13.24
465,drovyanaya,RU,,51.5833,113.0333,29,19,65.32,9.78
466,norman wells,CA,,65.282,-126.8329,75,75,35.64,18.41
467,guhagar,IN,,17.4842,73.1929,70,54,90.54,8.16
468,ginir,ET,,7.1333,40.7,72,68,64.11,1.86
469,aksarka,RU,,66.5606,67.7975,100,70,51.48,5.99
470,pelym,RU,,61.0108,61.9978,81,60,56.1,12.26
471,tubruq,,,,,,,,
472,seymchan,RU,,62.8833,152.4333,100,71,43.05,7.4
473,komsomolskiy,UZ,,40.4272,71.7189,40,72,65.12,2.3
474,rocha,UY,,-34.4833,-54.3333,95,85,54.5,7.49
475,tumannyy,,,,,,,,
476,gondanglegi,ID,,-7.7479,112.0132,100,64,88.16,2.82
477,munai,PH,,7.9758,124.0636,89,80,79.47,3.47
478,rafraf,TN,,37.1904,10.1837,78,69,61.11,6.98
479,nelson bay,AU,,-32.7167,152.15,98,87,73.45,1.01
480,guozhen,CN,,34.3659,107.359,100,33,69.17,4.14
481,bartica,GY,,6.4,-58.6167,100,99,77.32,2.75
482,oranjemund,NA,,-28.55,16.4333,0,51,57.16,5.79
483,araouane,ML,,18.9048,-3.5265,62,10,75.69,11.74
484,vondrozo,MG,,-22.8167,47.2833,85,85,64.54,0.98
485,phangnga,TH,,8.4509,98.5298,87,64,86.04,4.56
486,ondorhaan,,,,,,,,
487,socorro,US,,31.6546,-106.3033,20,10,82.99,5.75
488,egvekinot,RU,,66.3167,-179.1667,98,100,32.79,5.86
489,kajaani,FI,,64.2273,27.7285,75,87,42.85,8.05
490,iglino,RU,,54.8324,56.4126,65,72,59.09,12.01
491,yambio,SS,,4.5721,28.3955,67,85,70.38,4.92
492,jizan,SA,,17.3333,42.6667,0,30,81.54,3.91
493,u thong,TH,,14.3751,99.8923,48,44,96.04,7.61
494,boralday,KZ,,43.3578,76.8594,100,67,62.46,6.71
495,high level,CA,,58.5169,-117.136,75,62,53.71,8.05
496,todos santos,MX,,23.45,-110.2167,100,75,66.65,3.8
497,luwuk,ID,,-0.9516,122.7875,99,81,83.89,3.38
498,bobcaygeon,CA,,44.5462,-78.542,98,95,63.88,1.83
499,novobirilyussy,RU,,56.9514,90.6661,98,31,75.72,3.6
500,chagda,,,,,,,,
501,sur,OM,,22.5667,59.5289,0,55,86.81,11.14
502,coruripe,BR,,-10.1256,-36.1756,43,88,75.9,5.68
503,kokkinion,,,,,,,,
504,cap malheureux,MU,,-19.9842,57.6142,2,71,79.47,3
505,kahului,US,,20.8947,-156.47,40,71,80.62,12.66
506,bundaberg,AU,,-24.85,152.35,13,74,81.21,1.99
507,muisne,EC,,0.6,-80.0333,100,86,76.93,5.08
508,saryagash,KZ,,41.4511,69.1701,0,44,69.76,5.01
509,durban,ZA,,-29.8579,31.0292,95,93,64.92,3
510,warqla,,,,,,,,
511,hefei,CN,,31.8639,117.2808,0,38,73.42,4.47
512,mookane,BW,,-23.688,26.6595,5,44,58.93,5.64
513,kawana waters,,,,,,,,
514,grand island,US,,40.925,-98.342,0,66,64.69,5.75
515,matara,LK,,5.9485,80.5353,100,85,82.02,14.65
516,baruun-urt,MN,,46.6806,113.2792,46,17,63.84,21.92
517,raychikhinsk,RU,,49.7838,129.4121,83,90,40.91,16.42
518,ilulissat,GL,,69.2167,-51.1,18,86,2.98,8.37
519,phan thiet,VN,,10.9333,108.1,46,63,89.82,10.96
520,pula,HR,,44.8683,13.8481,0,82,59.56,0
521,vanavara,RU,,60.34,102.2797,66,24,71.38,3.02
522,balkhash,KZ,,46.844,74.9804,0,56,68.61,11.18
523,nioro,GM,,13.35,-15.75,4,66,75.58,4.16
524,indramayu,ID,,-6.3264,108.32,97,69,86.83,6.58
525,broome,US,,42.2506,-75.833,100,91,65.01,5.75
526,pangnirtung,CA,,66.1451,-65.7125,21,88,8.94,7.18
527,yining,CN,,29.0361,114.5636,100,81,61.59,2.33
528,bama,NG,,11.5221,13.6856,65,43,82.53,6.08
529,belmonte,BR,,-15.8631,-38.8828,100,85,74.46,10.36
530,charlestown,AU,,-32.95,151.6667,100,87,73.72,6.78
531,kaeo,NZ,,-35.1,173.7833,71,76,67.32,8.05
532,tokur,RU,,53.1333,132.9,100,68,37.96,7.54
533,piacabucu,BR,,-10.4056,-36.4344,55,89,75.81,5.97
534,pevek,RU,,69.7008,170.3133,98,77,28.2,15.57
535,dunda,TZ,,-8.1167,34.25,14,75,64.76,3.74
536,magui,,,,,,,,
537,babanusah,,,,,,,,
538,tevriz,RU,,57.509,72.4042,95,38,64.06,8.81
539,kushmurun,KZ,,52.4503,64.6311,62,52,63.55,12.64
540,ambon,ID,,-3.6954,128.1814,40,58,91.54,6.91
541,kupang,ID,,-10.1667,123.5833,29,75,82.92,2.82
542,hoa binh,VN,,20.8133,105.3383,100,90,73.04,5.23
543,bardiyah,LY,,31.7561,25.0865,0,84,64.6,12.1
544,labuhan,ID,,-6.8844,112.2051,93,68,87.57,2.51
545,ilheus,BR,,-14.7889,-39.0494,100,92,72.7,5.82
546,ibague,CO,,4.4389,-75.2322,98,92,66.09,4.21
547,cockburn harbour,,,,,,,,
548,haysville,US,,37.5645,-97.3523,40,55,79.12,8.05
549,wesselsbron,ZA,,-27.8549,26.3658,1,48,50.4,6.49
550,ouesso,CG,,1.6136,16.0517,93,99,70.56,2.04
551,dargaville,NZ,,-35.9333,173.8833,77,84,64.06,10.27
552,dolbeau,,,,,,,,
553,coos bay,US,,43.3665,-124.2179,75,97,58.32,4.61
554,hasaki,JP,,35.7333,140.8333,100,58,66.6,12.64
555,lev tolstoy,RU,,53.2134,39.446,95,78,50.14,9.26
556,lethem,GY,,3.3803,-59.7968,78,83,77.04,10.8
557,teya,RU,,60.3778,92.6267,91,39,70.63,2.95
558,belyy yar,RU,,53.6039,91.3903,0,21,76.86,4.47
559,ngunguru,NZ,,-35.6167,174.5,67,75,65.66,9.44
560,natchitoches,US,,31.7668,-93.1335,0,100,74.25,0
561,saint-leu,RE,,-21.15,55.2833,38,72,74.32,11.23
562,bairiki,KI,,1.3292,172.9752,20,74,84.2,8.05
563,denpasar,ID,,-8.65,115.2167,20,74,87.46,11.5
564,sorkjosen,NO,,69.8,20.9333,100,100,39.2,0
565,malanday,PH,,14.7069,121.1306,62,61,96.03,3.4
566,horasan,TR,,40.0458,42.1728,68,51,57.24,0.65
567,ashqelon,IL,,31.6693,34.5715,73,68,70.83,9.53
568,tatarsk,RU,,55.219,75.9828,62,47,69.33,14.27
569,adamovka,RU,,51.5223,59.9396,100,95,51.06,2.55
570,yokadouma,CM,,3.5167,15.05,39,99,67.24,0.31
571,kiama,AU,,-34.6833,150.8667,94,89,72,1.83
572,benguela,AO,,-12.5763,13.4055,0,82,72.81,3.78
573,nurota,UZ,,40.5614,65.6886,0,31,73.56,16.67
574,bonthe,SL,,7.5264,-12.505,93,90,75.88,2.95
575,xiaoweizhai,CN,,26.1903,107.5125,100,90,53.82,7.63
576,kumluca,TR,,36.3703,30.2869,0,44,70.75,0.78
577,wanaka,NZ,,-44.7,169.15,98,83,56.1,1.19
578,sao gabriel da cachoeira,BR,,-0.1303,-67.0892,99,99,73.33,0.78
579,erenhot,CN,,43.6475,111.9767,19,12,65.17,20.22
580,shizunai,JP,,42.3339,142.3669,93,79,51.01,14.72
581,sfantu gheorghe,RO,,45.8667,25.7833,90,80,56.66,1.77
582,chicama,PE,,-7.8447,-79.1469,51,82,61.34,4.97
583,wuzhou,CN,,23.4833,111.3167,100,92,63.63,4.61
584,takoradi,GH,,4.8845,-1.7554,87,86,78.67,2.55
585,kungurtug,RU,,50.5994,97.5228,31,13,67.91,3.91
586,iquique,CL,,-20.2208,-70.1431,38,77,62.64,2.84
587,freeport,US,,40.6576,-73.5832,100,87,63.99,9.22
588,chara,RU,,56.9064,118.2631,64,51,48.18,3.36
589,sovetskiy,RU,,61.3614,63.5842,100,63,54.61,12.59
590,rovira,CO,,4.2392,-75.24,97,90,68.95,2.89
591,west monroe,US,,32.5185,-92.1476,0,91,72.32,0
592,leningradskiy,RU,,69.3833,178.4167,100,92,33.01,22.75
593,laibin,CN,,23.7,109.2667,100,85,61.9,13.2
594,xai-xai,MZ,,-25.0519,33.6442,26,85,69.24,1.61
595,gat,IL,,31.61,34.7642,62,100,71.4,8.46
596,ilhabela,BR,,-23.7781,-45.3581,89,89,70.77,9.08
597,kampene,CD,,-3.6,26.6667,66,95,68.68,2.24
598,oistins,BB,,13.0667,-59.5333,20,74,80.69,18.41
599,buenos aires,AR,,-34.6132,-58.3772,0,56,55.13,6.91
600,tadine,NC,,-21.55,167.8833,23,67,75.92,11.88
601,suoyarvi,RU,,62.0833,32.35,42,79,48.42,4.65
602,obluche,,,,,,,,
603,sembe,CG,,1.6481,14.5806,74,98,69.78,1.5
604,savasleyka,RU,,55.4606,42.3207,93,69,51.49,5.66
605,helong,CN,,42.5397,128.9972,32,21,65.1,15.84
606,ivankiv,UA,,50.9386,29.8943,78,76,52.16,12.3
607,nemuro,JP,,43.3236,145.575,95,82,46.51,12.26
608,houma,US,,29.5958,-90.7195,0,83,77,3.44
609,marawi,PH,,7.9986,124.2928,88,76,79,1.83
610,barabai,ID,,-2.5833,115.3833,97,57,90.99,2.19
611,zhezkazgan,KZ,,47.8043,67.7144,20,49,67.98,11.18
612,husavik,IS,,66.0449,-17.3389,100,87,38.84,8.25
613,nerang,AU,,-27.9833,153.3333,36,95,79.84,1.99
614,kamiiso,JP,,41.8167,140.65,75,82,53.98,17.27
615,golkoy,TR,,40.6875,37.6178,57,53,62.17,2.06
616,troitsko-pechorsk,RU,,62.7084,56.1964,100,95,42.6,3.22
617,saryshagan,,,,,,,,
618,mogadishu,SO,,2.0371,45.3438,75,78,82.27,12.66
619,nogales,MX,,31.3086,-110.9422,0,6,71.17,4.61
620,gambela,ET,,8.25,34.5833,98,85,75.49,3.85
621,vite,IN,,17.2833,74.55,41,34,88.59,9.31
622,la romana,DO,,18.4273,-68.9728,97,82,75.51,6.91
623,ao luk,,,,,,,,
624,san vicente,AR,,-26.6167,-54.1333,99,100,57.7,0.94
625,inta,RU,,66.0317,60.1659,17,62,52.99,12.95
626,praia da vitoria,PT,,38.7333,-27.0667,20,82,57.76,16.78
627,khairpur nathan shah,PK,,27.0936,67.7337,0,11,106.36,6.26
628,katsuura,JP,,35.1333,140.3,100,73,63.55,18.03
629,linxia,CN,,35.6003,103.2064,40,40,57.13,5.97
630,formosa do rio preto,BR,,-11.0483,-45.1931,100,49,76.71,3.83
