,City,Country,Latitude,Longitude,Cloudiness (%),Humidity (%),Max Temp (F),Wind Speed (mph),Date
0,tuatapere,NZ,-46.1333,167.6833,25.0,88.0,48.18,2.84,1652594964.0
1,manokwari,ID,-0.8667,134.0833,61.0,75.0,82.96,3.8,1652594965.0
2,sitka,US,57.0531,-135.33,75.0,76.0,46.29,5.75,1652594965.0
3,butterworth,MY,5.3991,100.3638,20.0,70.0,91.44,10.36,1652594966.0
4,vaini,TO,-21.2,-175.2,100.0,59.0,73.92,14.36,1652594789.0
5,cape town,ZA,-33.9258,18.4232,1.0,78.0,58.91,8.01,1652594407.0
6,nikolskoye,RU,59.7035,30.7861,82.0,72.0,49.91,8.52,1652594505.0
7,sokone,SN,13.8833,-16.3667,10.0,81.0,72.25,5.64,1652594967.0
8,busselton,AU,-33.65,115.3333,100.0,54.0,62.33,9.8,1652594968.0
9,chantada,ES,42.6088,-7.7712,68.0,97.0,53.74,4.94,1652594968.0
10,grand river south east,,,,,,,,
11,kaseda,JP,31.4167,130.3167,100.0,56.0,63.66,6.13,1652594969.0
12,rikitea,PF,-23.1203,-134.9692,100.0,74.0,75.81,21.3,1652594464.0
13,brownwood,US,31.7093,-98.9912,1.0,64.0,79.92,15.64,1652594773.0
14,byron bay,AU,-28.65,153.6167,83.0,93.0,72.79,2.73,1652594970.0
15,hualmay,PE,-11.0964,-77.6139,19.0,90.0,62.02,7.76,1652594675.0
16,mahon,ES,39.8885,4.2658,0.0,94.0,63.16,3.44,1652594971.0
17,taolanaro,,,,,,,,
18,bredasdorp,ZA,-34.5322,20.0403,0.0,86.0,51.39,3.06,1652594971.0
19,mitsamiouli,KM,-11.3847,43.2844,0.0,66.0,81.79,6.42,1652594972.0
20,torbay,CA,47.6666,-52.7314,6.0,92.0,34.27,4.0,1652594973.0
21,castro,BR,-24.7911,-50.0119,100.0,98.0,55.67,2.33,1652594973.0
22,acapulco,MX,16.8634,-99.8901,100.0,79.0,84.02,8.05,1652594776.0
23,lompoc,US,34.6391,-120.4579,0.0,83.0,57.34,0.0,1652594974.0
24,linchuan,,,,,,,,
25,gobabis,NA,-22.45,18.9667,0.0,29.0,58.12,8.12,1652594975.0
26,lalibela,ET,12.0333,39.0333,6.0,24.0,72.1,1.41,1652594975.0
27,hithadhoo,MV,-0.6,73.0833,49.0,68.0,82.85,6.58,1652594976.0
28,cabra,ES,37.4725,-4.4421,57.0,91.0,59.14,1.12,1652594977.0
29,coquimbo,CL,-29.9533,-71.3436,100.0,100.0,53.33,1.14,1652594977.0
30,orangeville,CA,43.9168,-80.0997,63.0,91.0,62.42,4.16,1652594978.0
31,aykhal,RU,66.0,111.5,100.0,99.0,38.43,2.15,1652594978.0
32,ushuaia,AR,-54.8,-68.3,0.0,81.0,38.86,11.5,1652594848.0
33,ponta do sol,PT,32.6667,-17.1,26.0,79.0,66.7,7.92,1652594979.0
34,albany,US,42.6001,-73.9662,100.0,92.0,65.62,3.62,1652594775.0
35,upernavik,GL,72.7868,-56.1549,16.0,91.0,4.93,4.45,1652594980.0
36,pacific grove,US,36.6177,-121.9166,100.0,92.0,57.24,10.0,1652594980.0
37,chuy,UY,-33.6971,-53.4616,90.0,93.0,56.37,7.25,1652594981.0
38,hambantota,LK,6.1241,81.1185,40.0,74.0,88.14,14.97,1652594981.0
39,tuktoyaktuk,CA,69.4541,-133.0374,98.0,82.0,26.92,6.67,1652594982.0
40,bengkulu,ID,-3.8004,102.2655,24.0,75.0,85.12,8.81,1652594982.0
41,ocos,GT,14.5094,-92.1933,41.0,75.0,78.98,5.12,1652594983.0
42,lata,PT,40.1629,-8.3327,98.0,91.0,58.78,5.5,1652594788.0
43,beipiao,CN,41.7919,120.7792,61.0,12.0,73.81,12.77,1652594984.0
44,ust-nera,RU,64.5667,143.2,100.0,86.0,36.61,8.05,1652594984.0
45,northam,GB,51.0333,-4.2167,100.0,92.0,54.66,12.26,1652594985.0
46,same,TZ,-4.0667,37.7333,56.0,73.0,70.86,3.69,1652594985.0
47,batagay-alyta,RU,67.8006,130.4114,70.0,69.0,23.14,4.47,1652594986.0
48,tari,NG,12.4086,4.4914,61.0,56.0,85.84,6.31,1652594986.0
49,qaanaaq,GL,77.484,-69.3632,84.0,70.0,16.14,6.6,1652594987.0
50,otavi,NA,-19.65,17.3333,0.0,33.0,62.28,5.39,1652594987.0
51,utinga,BR,-5.8172,-35.3954,75.0,100.0,76.05,4.61,1652594988.0
52,puerto del rosario,ES,28.5004,-13.8627,32.0,86.0,64.09,7.34,1652594989.0
53,sampit,ID,-2.5333,112.95,83.0,54.0,91.42,4.79,1652594989.0
54,punta arenas,CL,-53.15,-70.9167,20.0,93.0,37.51,6.91,1652594978.0
55,ponta delgada,PT,37.7333,-25.6667,40.0,72.0,59.72,25.32,1652594990.0
56,mataura,NZ,-46.1927,168.8643,21.0,94.0,48.47,2.04,1652594990.0
57,comodoro rivadavia,AR,-45.8667,-67.5,0.0,61.0,44.46,10.36,1652594991.0
58,puerto ayora,EC,-0.7393,-90.3518,94.0,97.0,71.55,5.5,1652594992.0
59,kapaa,US,22.0752,-159.319,40.0,79.0,78.78,11.5,1652594992.0
60,karpathos,GR,35.507,27.2132,20.0,77.0,67.96,21.85,1652594993.0
61,balclutha,NZ,-46.2339,169.75,24.0,96.0,43.65,1.66,1652594993.0
62,bluff,NZ,-46.6,168.3333,37.0,77.0,48.79,8.59,1652594994.0
63,amderma,,,,,,,,
64,atuona,PF,-9.8,-139.0333,17.0,77.0,78.51,17.49,1652594994.0
65,ancud,CL,-41.8697,-73.8203,0.0,85.0,43.86,6.71,1652594995.0
66,dwarka,IN,22.2394,68.9678,0.0,69.0,86.97,15.84,1652594995.0
67,launceston,AU,-41.45,147.1667,75.0,77.0,60.44,23.02,1652594996.0
68,belushya guba,,,,,,,,
69,ribeira grande,PT,38.5167,-28.7,90.0,63.0,59.74,23.17,1652594997.0
70,akom,CM,2.6678,12.7109,99.0,96.0,69.6,1.39,1652594997.0
71,avarua,CK,-21.2078,-159.775,75.0,63.0,78.76,12.48,1652594998.0
72,urumqi,CN,43.801,87.6005,0.0,14.0,79.75,11.18,1652594998.0
73,provideniya,RU,64.3833,-173.3,96.0,91.0,36.46,9.55,1652594999.0
74,ajdabiya,LY,30.7554,20.2263,0.0,58.0,68.31,6.91,1652594999.0
75,port lincoln,AU,-34.7333,135.8667,27.0,69.0,62.96,21.81,1652595000.0
76,barrow,US,71.2906,-156.7887,0.0,80.0,26.62,14.97,1652595001.0
77,rawson,AR,-43.3002,-65.1023,0.0,62.0,49.06,21.68,1652595001.0
78,east london,ZA,-33.0153,27.9116,0.0,82.0,56.34,8.05,1652595004.0
79,chokurdakh,RU,70.6333,147.9167,100.0,82.0,23.27,3.76,1652595004.0
80,atambua,ID,-9.1061,124.8925,94.0,73.0,81.25,2.17,1652595006.0
81,taft,IR,31.7471,54.2088,0.0,23.0,69.75,2.3,1652595007.0
82,codrington,AU,-38.2667,141.9667,41.0,78.0,60.26,20.85,1652595007.0
83,hami,CN,42.8,93.45,29.0,5.0,79.61,7.87,1652595008.0
84,dikson,RU,73.5069,80.5464,100.0,88.0,32.58,4.38,1652595008.0
85,nizhneyansk,,,,,,,,
86,mahebourg,MU,-20.4081,57.7,27.0,75.0,80.26,12.64,1652595009.0
87,cabo san lucas,MX,22.8909,-109.9124,100.0,57.0,77.61,9.22,1652594966.0
88,saint-pierre,RE,-21.3393,55.4781,0.0,54.0,80.28,14.97,1652595010.0
89,thompson,CA,55.7435,-97.8558,100.0,100.0,39.36,3.44,1652595011.0
90,westport,US,41.1415,-73.3579,100.0,96.0,64.69,0.0,1652594797.0
91,tiksi,RU,71.6872,128.8694,34.0,84.0,22.05,7.76,1652595012.0
92,vila velha,BR,-20.3297,-40.2925,75.0,94.0,71.55,2.3,1652595013.0
93,souillac,MU,-20.5167,57.5167,26.0,75.0,76.78,11.18,1652595013.0
94,peniche,PT,39.3558,-9.3811,100.0,90.0,63.28,12.19,1652595014.0
95,arraial do cabo,BR,-22.9661,-42.0278,94.0,74.0,72.57,17.05,1652595015.0
96,bandarbeyla,SO,9.4942,50.8122,24.0,51.0,90.91,19.35,1652595015.0
97,taitung,TW,22.7583,121.1444,75.0,94.0,73.67,6.91,1652594953.0
98,sevilla,ES,37.3824,-5.9761,75.0,89.0,64.0,5.01,1652595016.0
99,padang,ID,-0.9492,100.3543,19.0,76.0,85.75,6.04,1652595017.0
100,tasiilaq,GL,65.6145,-37.6368,100.0,69.0,30.36,4.34,1652595017.0
101,tsabong,BW,-26.0217,22.401,0.0,26.0,59.7,8.1,1652595018.0
102,faya,SA,18.3851,42.4509,0.0,12.0,73.92,11.18,1652595019.0
103,ostrovnoy,RU,68.0531,39.5131,91.0,78.0,39.16,8.14,1652595019.0
104,jamestown,US,42.097,-79.2353,100.0,96.0,63.99,4.61,1652595020.0
105,cherskiy,RU,68.75,161.3,97.0,76.0,27.75,12.57,1652595020.0
106,guerrero negro,MX,27.9769,-114.0611,13.0,81.0,61.65,9.6,1652595021.0
107,bonavista,CA,48.6499,-53.1147,35.0,69.0,34.52,2.46,1652595022.0
108,batavia,US,41.85,-88.3126,0.0,68.0,69.91,6.91,1652595022.0
109,port alfred,ZA,-33.5906,26.891,0.0,77.0,61.0,3.47,1652595023.0
110,kismayo,SO,-0.3582,42.5454,80.0,72.0,82.99,14.85,1652595023.0
111,basoko,CD,1.2391,23.616,96.0,86.0,75.43,1.34,1652595024.0
112,goure,NE,13.9835,10.2704,99.0,16.0,81.46,7.87,1652595025.0
113,umzimvubu,,,,,,,,
114,namatanai,PG,-3.6667,152.4333,66.0,66.0,83.91,3.76,1652595026.0
115,new norfolk,AU,-42.7826,147.0587,73.0,74.0,62.1,5.01,1652595027.0
116,attawapiskat,,,,,,,,
117,yulara,AU,-25.2406,130.9889,1.0,34.0,79.47,8.81,1652595028.0
118,hilo,US,19.7297,-155.09,100.0,93.0,71.26,8.05,1652594779.0
119,yellowknife,CA,62.456,-114.3525,100.0,49.0,46.56,17.0,1652594994.0
120,butaritari,KI,3.0707,172.7902,4.0,71.0,81.55,6.96,1652595029.0
121,juifang,,,,,,,,
122,rongcheng,CN,30.634,117.8517,100.0,42.0,71.2,5.91,1652595030.0
123,atar,MR,20.5169,-13.0499,91.0,13.0,85.05,9.24,1652595030.0
124,thinadhoo,MV,0.5333,72.9333,82.0,70.0,83.37,9.69,1652595031.0
125,khatanga,RU,71.9667,102.5,100.0,100.0,33.82,11.1,1652595032.0
126,iqaluit,CA,63.7506,-68.5145,55.0,97.0,6.03,4.34,1652595032.0
127,avera,US,33.194,-82.5271,92.0,78.0,63.91,3.69,1652595033.0
128,faanui,PF,-16.4833,-151.75,32.0,70.0,81.39,8.08,1652595033.0
129,constitucion,CL,-35.3333,-72.4167,0.0,57.0,50.56,5.57,1652595034.0
130,katherine,AU,-14.4667,132.2667,0.0,19.0,97.12,11.5,1652595035.0
131,narsaq,GL,60.9167,-46.05,89.0,58.0,37.62,5.77,1652595035.0
132,abonnema,NG,4.7084,6.7931,31.0,90.0,77.45,3.58,1652595036.0
133,bethel,US,41.3712,-73.414,100.0,93.0,64.49,5.75,1652595037.0
134,mayo,US,38.8876,-76.5119,100.0,97.0,66.2,3.44,1652595037.0
135,tukrah,LY,32.5341,20.5791,0.0,69.0,67.35,4.7,1652594962.0
136,okakarara,NA,-20.5833,17.4333,0.0,39.0,55.62,5.06,1652595038.0
137,illoqqortoormiut,,,,,,,,
138,biak,ID,-0.9131,122.8766,100.0,81.0,80.35,3.69,1652595039.0
139,barentsburg,,,,,,,,
140,sola,VU,-13.8833,167.55,91.0,70.0,80.26,16.75,1652595040.0
141,luderitz,NA,-26.6481,15.1594,12.0,39.0,63.84,6.98,1652594889.0
142,salalah,OM,17.0151,54.0924,1.0,66.0,87.89,8.05,1652594833.0
143,benemerito de las americas,MX,16.5167,-90.6439,64.0,75.0,72.59,1.03,1652595041.0
144,vila,PT,42.0304,-8.1588,78.0,88.0,50.7,6.6,1652595042.0
145,bara,NG,10.3744,10.7288,96.0,59.0,82.4,7.16,1652595043.0
146,lavrentiya,RU,65.5833,-171.0,100.0,98.0,33.55,6.87,1652595043.0
147,fort-shevchenko,KZ,44.5086,50.263,37.0,62.0,64.13,8.5,1652595044.0
148,areosa,PT,41.7178,-8.8571,90.0,91.0,60.62,17.72,1652595044.0
149,nara,JP,34.6851,135.8049,100.0,32.0,69.49,3.11,1652595045.0
150,lagoa,PT,39.05,-27.9833,79.0,61.0,58.66,27.11,1652595046.0
151,tautira,PF,-17.7333,-149.15,25.0,78.0,79.65,11.25,1652595046.0
152,saskylakh,RU,71.9167,114.0833,100.0,100.0,33.24,9.66,1652595047.0
153,port elizabeth,ZA,-33.918,25.5701,0.0,91.0,57.31,1.99,1652595048.0
154,berezovyy,RU,51.6667,135.7,100.0,60.0,48.56,2.28,1652595048.0
155,along,IN,28.1667,94.7667,97.0,78.0,79.02,2.51,1652595049.0
156,urucara,BR,-2.5364,-57.76,100.0,99.0,73.62,2.35,1652595050.0
157,vostok,RU,46.4856,135.8833,91.0,78.0,45.45,9.91,1652595050.0
158,saint-philippe,RE,-21.3585,55.7679,68.0,79.0,80.19,9.86,1652595051.0
159,sulangan,PH,11.1373,123.7228,98.0,75.0,82.94,4.25,1652595051.0
160,cascais,PT,38.6979,-9.4215,100.0,74.0,65.97,15.01,1652595052.0
161,yerbogachen,RU,61.2767,108.0108,66.0,28.0,65.95,6.22,1652595053.0
162,culebra,PR,18.303,-65.301,99.0,94.0,80.64,8.01,1652595053.0
163,jatai,BR,-17.8814,-51.7144,92.0,63.0,69.62,3.38,1652595054.0
164,kiruna,SE,67.8557,20.2251,38.0,56.0,41.92,4.61,1652595054.0
165,georgetown,MY,5.4112,100.3354,20.0,70.0,91.33,10.36,1652594866.0
166,fortuna,US,40.5982,-124.1573,100.0,95.0,56.93,0.0,1652595055.0
167,olafsvik,IS,64.8945,-23.7142,100.0,95.0,43.54,16.13,1652595056.0
168,creston,US,41.0586,-94.3614,75.0,100.0,58.33,10.36,1652595056.0
169,puerto quijarro,BO,-17.7833,-57.7667,100.0,86.0,74.26,6.71,1652595057.0
170,nanortalik,GL,60.1432,-45.2371,97.0,87.0,30.4,7.0,1652595057.0
171,iskateley,RU,67.6803,53.1512,92.0,80.0,41.49,13.78,1652595058.0
172,hovd,MN,48.0056,91.6419,1.0,11.0,68.31,8.14,1652595059.0
173,mar del plata,AR,-38.0023,-57.5575,0.0,83.0,45.95,5.75,1652595059.0
174,kavieng,PG,-2.5744,150.7967,76.0,66.0,83.88,2.28,1652595060.0
175,port-gentil,GA,-0.7193,8.7815,40.0,89.0,80.56,6.91,1652595061.0
176,hermanus,ZA,-34.4187,19.2345,0.0,78.0,48.79,7.96,1652595061.0
177,saint george,US,37.1041,-113.5841,0.0,15.0,75.94,5.75,1652594801.0
178,harper,LR,4.375,-7.7169,94.0,86.0,78.78,3.98,1652595062.0
179,kisangani,CD,0.5167,25.2,83.0,96.0,73.15,0.63,1652595063.0
180,salekhard,RU,66.53,66.6019,100.0,98.0,44.67,9.01,1652595064.0
181,quatre cocos,MU,-20.2078,57.7625,21.0,73.0,80.1,13.31,1652595065.0
182,grindavik,IS,63.8424,-22.4338,100.0,100.0,46.87,12.66,1652595065.0
183,hobart,AU,-42.8794,147.3294,75.0,70.0,62.46,10.36,1652594784.0
184,kutum,SD,14.2,24.6667,91.0,30.0,83.44,10.36,1652595067.0
185,cumaribo,,,,,,,,
186,taltal,CL,-25.4,-70.4833,35.0,80.0,59.02,0.74,1652595067.0
187,neiafu,TO,-18.65,-173.9833,20.0,78.0,74.08,1.14,1652595068.0
188,cidreira,BR,-30.1811,-50.2056,100.0,96.0,62.76,6.6,1652595070.0
189,taoudenni,ML,22.6783,-3.9836,19.0,10.0,78.73,11.56,1652595070.0
190,pisco,PE,-13.7,-76.2167,100.0,88.0,62.65,4.61,1652594898.0
191,dedza,MW,-14.3779,34.3332,0.0,58.0,59.14,3.65,1652595071.0
192,newberry,US,34.2746,-81.6187,77.0,95.0,64.98,2.91,1652594778.0
193,sao filipe,CV,14.8961,-24.4956,89.0,67.0,76.39,6.38,1652595072.0
194,devils lake,US,48.1128,-98.8651,0.0,82.0,46.38,8.05,1652595073.0
195,sentyabrskiy,,,,,,,,
196,margate,GB,51.3813,1.3862,90.0,85.0,59.31,1.01,1652595074.0
197,colares,PT,38.7992,-9.4469,100.0,75.0,65.79,15.01,1652595074.0
198,esperance,AU,-33.8667,121.9,100.0,70.0,57.04,10.29,1652595075.0
199,henties bay,NA,-22.116,14.2845,0.0,72.0,59.25,4.0,1652595075.0
200,bijie,CN,27.3125,105.2942,100.0,91.0,47.17,10.67,1652595076.0
201,college,US,64.8569,-147.8028,40.0,61.0,46.72,8.05,1652595078.0
202,rundu,NA,-17.9333,19.7667,12.0,39.0,60.37,5.01,1652595078.0
203,nouadhibou,MR,20.931,-17.0347,97.0,75.0,68.63,18.28,1652595079.0
204,weligama,LK,5.9667,80.4167,94.0,81.0,82.63,15.97,1652595080.0
205,san patricio,US,28.017,-97.5169,0.0,96.0,80.83,7.14,1652595080.0
206,concordia,AR,-31.393,-58.0209,57.0,92.0,54.79,7.0,1652595081.0
207,muli,MV,2.9167,73.5667,79.0,75.0,83.7,15.39,1652595081.0
208,khasan,RU,42.4308,130.6434,64.0,47.0,56.66,19.13,1652595082.0
209,dudinka,RU,69.4058,86.1778,100.0,100.0,36.72,7.72,1652595082.0
210,tura,IN,25.5198,90.2201,78.0,88.0,79.9,6.82,1652595083.0
211,flin flon,CA,54.7682,-101.865,100.0,93.0,31.78,11.63,1652595084.0
212,santiago del estero,AR,-27.7951,-64.2615,84.0,68.0,61.95,8.25,1652595084.0
213,tessaoua,NE,13.7574,7.9874,49.0,15.0,80.22,8.37,1652595085.0
214,dondo,MZ,-19.6094,34.7431,18.0,84.0,69.06,4.41,1652595086.0
215,athabasca,CA,54.7169,-113.2854,5.0,60.0,42.85,5.68,1652595086.0
216,sakakah,SA,29.9697,40.2064,0.0,11.0,84.67,11.97,1652595087.0
217,tshikapa,CD,-6.4167,20.8,31.0,63.0,76.03,2.06,1652595087.0
218,behshahr,IR,36.6923,53.5526,0.0,32.0,81.3,3.69,1652595088.0
219,vardo,NO,70.3705,31.1107,100.0,87.0,40.98,3.44,1652595088.0
220,kloulklubed,PW,7.0419,134.2556,13.0,69.0,82.9,5.06,1652595089.0
221,nguiu,,,,,,,,
222,aksu,CN,41.1231,80.2644,100.0,28.0,74.37,8.95,1652595090.0
223,severo-kurilsk,RU,50.6789,156.125,100.0,96.0,36.9,27.51,1652594938.0
224,victoria,HK,22.2855,114.1577,100.0,89.0,78.85,7.0,1652594922.0
225,kodiak,US,57.79,-152.4072,75.0,43.0,47.71,6.91,1652595092.0
226,waipawa,NZ,-41.4122,175.5153,100.0,97.0,53.02,5.14,1652595092.0
227,guaratinga,BR,-16.5667,-39.5667,100.0,95.0,67.01,3.85,1652595093.0
228,walvis bay,NA,-22.9575,14.5053,0.0,59.0,56.08,4.9,1652595093.0
229,yurya,,,,,,,,
230,stanger,ZA,-29.3282,31.2895,94.0,87.0,65.14,5.77,1652595094.0
231,lorengau,PG,-2.0226,147.2712,99.0,65.0,84.36,7.83,1652595094.0
232,jalor,IN,25.35,72.6167,0.0,21.0,101.14,17.13,1652595095.0
233,blagoyevo,RU,63.3667,47.9167,98.0,65.0,57.67,4.56,1652595096.0
234,cabedelo,BR,-6.9811,-34.8339,28.0,86.0,75.87,9.44,1652595096.0
235,poum,NC,-20.2333,164.0167,47.0,74.0,77.68,15.37,1652595097.0
236,marcona,,,,,,,,
237,hofn,IS,64.2539,-15.2082,100.0,89.0,42.31,15.61,1652595098.0
238,aklavik,CA,68.2191,-135.0107,96.0,91.0,22.46,3.69,1652595099.0
239,rock sound,BS,24.9,-76.2,57.0,83.0,77.45,15.93,1652595099.0
240,punta alta,AR,-38.8759,-62.0736,1.0,70.0,47.17,12.97,1652595100.0
241,sao joao da ponte,BR,-15.9292,-44.0078,82.0,80.0,61.95,4.12,1652595100.0
242,lunglei,IN,22.8833,92.7333,90.0,51.0,84.97,5.59,1652595101.0
243,qeshm,IR,26.9581,56.2719,0.0,52.0,93.07,7.58,1652595102.0
244,swinoujscie,PL,53.9105,14.2471,8.0,76.0,52.18,12.73,1652595103.0
245,olinda,BR,-8.0089,-34.8553,40.0,78.0,80.33,8.05,1652595103.0
246,saint anthony,US,45.0205,-93.218,0.0,63.0,59.92,5.75,1652595104.0
247,perth,AU,-31.9333,115.8333,75.0,63.0,68.18,6.91,1652594864.0
248,clyde river,CA,70.4692,-68.5914,39.0,73.0,12.0,3.67,1652595105.0
249,haapiti,PF,-17.5667,-149.8667,2.0,67.0,78.53,9.15,1652595106.0
250,honningsvag,NO,70.9821,25.9704,40.0,87.0,40.75,6.91,1652595107.0
251,haines junction,CA,60.7522,-137.5108,100.0,98.0,34.41,3.62,1652595107.0
252,kruisfontein,ZA,-34.0033,24.7314,0.0,77.0,53.06,4.83,1652595108.0
253,fairfield,US,41.2668,-73.3162,100.0,95.0,64.63,5.75,1652595109.0
254,raudeberg,NO,61.9875,5.1352,100.0,94.0,44.96,4.97,1652595109.0
255,shimoda,JP,34.6667,138.95,91.0,79.0,65.1,11.92,1652595110.0
256,beyla,GN,8.6833,-8.6333,100.0,96.0,66.88,3.38,1652595110.0
257,teahupoo,PF,-17.8333,-149.2667,15.0,74.0,73.36,9.33,1652595111.0
258,canavieiras,BR,-15.675,-38.9472,100.0,91.0,72.55,5.37,1652595111.0
259,ahipara,NZ,-35.1667,173.1667,51.0,85.0,62.83,9.22,1652595112.0
260,marsh harbour,BS,26.5412,-77.0636,4.0,83.0,77.36,14.03,1652595113.0
261,maumere,ID,-8.6199,122.2111,83.0,69.0,84.27,0.69,1652595114.0
262,sydney,AU,-33.8679,151.2073,75.0,80.0,73.31,7.0,1652595101.0
263,canete,CL,-37.8,-73.4,0.0,65.0,46.24,3.56,1652595115.0
264,bereda,ES,43.2686,-7.5406,88.0,98.0,53.01,3.38,1652595116.0
265,san andres,CO,12.5847,-81.7006,75.0,89.0,80.62,6.91,1652595116.0
266,nerchinskiy zavod,RU,51.3088,119.61,60.0,23.0,57.7,13.53,1652595117.0
267,caravelas,BR,-17.7125,-39.2481,93.0,77.0,73.36,7.38,1652595118.0
268,alofi,NU,-19.0595,-169.9187,83.0,61.0,76.42,14.38,1652594846.0
269,pandan,PH,14.0453,124.1694,65.0,78.0,84.6,6.4,1652595119.0
270,nichinan,JP,31.6,131.3667,100.0,72.0,62.85,3.13,1652595119.0
271,jahazpur,IN,25.6167,75.2833,14.0,13.0,106.68,11.07,1652595120.0
272,san luis,AR,-33.295,-66.3356,94.0,72.0,45.23,13.35,1652595120.0
273,tarko-sale,RU,64.9225,77.785,94.0,81.0,56.53,12.24,1652595121.0
274,guatire,VE,10.4762,-66.5427,100.0,97.0,71.02,2.06,1652595122.0
275,carnarvon,AU,-24.8667,113.6333,0.0,30.0,74.57,14.23,1652595122.0
276,lugovoy,KZ,42.9472,72.7644,100.0,62.0,66.11,7.07,1652595123.0
277,mmabatho,ZA,-25.85,25.6333,63.0,37.0,63.12,7.72,1652595124.0
278,persianovskiy,RU,47.5137,40.1075,40.0,88.0,61.56,11.18,1652595124.0
279,porto novo,BJ,6.4965,2.6036,47.0,84.0,79.32,4.25,1652595112.0
280,tsihombe,,,,,,,,
281,isangel,VU,-19.55,169.2667,86.0,69.0,75.52,10.2,1652595125.0
282,kaitangata,NZ,-46.2817,169.8464,47.0,87.0,46.72,2.48,1652595126.0
283,beringovskiy,RU,63.05,179.3167,100.0,73.0,43.84,15.59,1652595126.0
284,nalut,LY,30.3333,10.85,0.0,23.0,69.13,6.91,1652595127.0
285,port moresby,PG,-9.4431,147.1797,18.0,79.0,80.85,3.85,1652595128.0
286,mullaitivu,,,,,,,,
287,paamiut,GL,61.994,-49.6678,79.0,74.0,26.35,9.75,1652595128.0
288,nome,US,64.5011,-165.4064,100.0,86.0,33.87,12.66,1652595129.0
289,naini tal,IN,29.3974,79.4469,0.0,11.0,84.42,6.71,1652595130.0
290,bowen,AU,-20.0167,148.2333,16.0,73.0,76.93,3.0,1652595130.0
291,pimentel,PE,-6.8367,-79.9342,88.0,87.0,63.73,10.18,1652595131.0
292,mys shmidta,,,,,,,,
293,koumra,TD,8.9126,17.5539,95.0,70.0,78.42,9.37,1652595132.0
294,sao joao da barra,BR,-21.6403,-41.0511,95.0,71.0,73.15,8.19,1652595132.0
295,baykit,RU,61.67,96.37,97.0,31.0,71.35,2.59,1652595133.0
296,lebu,CL,-37.6167,-73.65,0.0,65.0,47.64,5.14,1652595134.0
297,escanaba,US,45.7453,-87.0646,100.0,63.0,64.36,13.8,1652595134.0
298,cortes,ES,41.9395,-1.4396,70.0,82.0,62.65,6.29,1652595135.0
299,pitea,SE,65.3172,21.4794,7.0,61.0,46.49,11.05,1652595136.0
300,petropavlovsk-kamchatskiy,RU,53.0452,158.6483,100.0,86.0,39.78,13.65,1652595136.0
301,emerald,AU,-23.5333,148.1667,61.0,66.0,76.64,6.89,1652595137.0
302,saleaula,,,,,,,,
303,ust-maya,RU,60.4167,134.5333,100.0,86.0,39.99,12.68,1652595138.0
304,vao,NC,-22.6667,167.4833,22.0,72.0,73.96,13.8,1652595138.0
305,zyryanka,RU,65.75,150.85,96.0,79.0,30.85,8.1,1652595139.0
306,portland,US,45.5234,-122.6762,100.0,83.0,62.55,4.0,1652595067.0
307,aden,YE,12.7794,45.0367,9.0,42.0,91.17,8.99,1652595140.0
308,avdiyivka,UA,48.1399,37.7426,54.0,60.0,58.87,10.92,1652595140.0
309,butembo,CD,0.15,29.2833,95.0,73.0,66.4,0.65,1652595141.0
310,nishihara,JP,26.1842,127.7558,75.0,86.0,70.88,23.02,1652595141.0
311,karauzyak,,,,,,,,
312,montreal,CA,45.5088,-73.5878,100.0,76.0,70.16,8.05,1652595117.0
313,lewisporte,CA,49.2499,-55.0482,30.0,73.0,37.54,2.3,1652595142.0
314,xiamen,CN,24.4798,118.0819,100.0,89.0,63.25,16.4,1652595143.0
315,zyukayka,RU,58.2025,54.7003,83.0,58.0,56.91,10.83,1652595144.0
316,srandakan,ID,-7.9386,110.2506,100.0,68.0,86.92,7.18,1652595144.0
317,broken hill,AU,-31.95,141.4333,0.0,32.0,70.11,14.72,1652595145.0
318,isla mujeres,MX,21.2311,-86.731,0.0,68.0,75.25,7.63,1652595145.0
319,lubao,PH,14.9167,120.55,75.0,53.0,92.64,6.91,1652595146.0
320,oltina,RO,44.1667,27.6667,98.0,76.0,68.97,8.9,1652595147.0
321,huarmey,PE,-10.0681,-78.1522,29.0,88.0,63.28,8.63,1652595147.0
322,montego bay,JM,18.4712,-77.9188,20.0,94.0,75.78,2.3,1652595148.0
323,termiz,UZ,37.2242,67.2783,0.0,34.0,78.89,2.3,1652595148.0
324,kamenskoye,,,,,,,,
325,tezu,IN,27.9167,96.1667,100.0,98.0,71.98,4.72,1652595149.0
326,guilin,CN,25.2819,110.2864,100.0,91.0,59.0,7.9,1652595150.0
327,lolua,,,,,,,,
328,falealupo,,,,,,,,
329,garowe,SO,8.4054,48.4845,26.0,49.0,86.31,20.24,1652595151.0
330,isfana,KG,39.8386,69.5306,98.0,61.0,59.56,7.34,1652595151.0
331,sorland,NO,67.667,12.6934,67.0,88.0,42.66,20.96,1652595152.0
332,pijijiapan,MX,15.7011,-93.23,10.0,80.0,78.4,3.0,1652595153.0
333,san francisco,US,37.7749,-122.4194,20.0,84.0,67.37,13.8,1652594891.0
334,bela vista de goias,BR,-16.9728,-48.9533,52.0,63.0,67.35,3.58,1652595153.0
335,waterloo,CA,43.4668,-80.5164,56.0,87.0,63.64,0.92,1652595039.0
336,voh,NC,-20.9667,164.7,89.0,70.0,77.56,5.39,1652595154.0
337,vestmannaeyjar,IS,63.4427,-20.2734,100.0,95.0,47.89,16.91,1652595155.0
338,sokolo,ML,14.7328,-6.1219,91.0,12.0,81.09,10.74,1652595155.0
339,paso de los toros,UY,-32.8167,-56.5167,72.0,97.0,50.14,7.76,1652595156.0
340,banepa,NP,27.6298,85.5214,75.0,83.0,71.92,3.44,1652595156.0
341,sao felix do xingu,BR,-6.6447,-51.995,96.0,98.0,72.48,0.81,1652595157.0
342,vaitupu,,,,,,,,
343,smidovich,RU,48.6,133.8167,80.0,26.0,57.24,24.36,1652595158.0
344,laguna,US,38.421,-121.4238,0.0,59.0,73.54,6.91,1652595159.0
345,gubkinskiy,RU,64.434,76.5026,99.0,80.0,55.49,12.35,1652595159.0
346,san cristobal,VE,7.7669,-72.225,99.0,93.0,66.6,2.28,1652595160.0
347,shumskiy,RU,54.8318,99.1328,30.0,15.0,78.42,6.35,1652595160.0
348,mae hong son,TH,19.3003,97.9685,60.0,39.0,98.74,5.28,1652595162.0
349,marienburg,PL,54.0359,19.0266,27.0,73.0,53.87,9.93,1652595163.0
350,mehamn,NO,71.0357,27.8492,100.0,86.0,37.31,6.87,1652595164.0
351,nirasaki,JP,35.7,138.45,72.0,60.0,70.48,5.01,1652595164.0
352,kirakira,SB,-10.4544,161.9205,74.0,79.0,82.04,1.92,1652595165.0
353,alexandria,EG,31.2156,29.9553,0.0,66.0,68.94,12.33,1652595165.0
354,makaha,US,21.4694,-158.2175,0.0,68.0,76.91,0.0,1652595166.0
355,pangkalanbuun,ID,-2.6833,111.6167,83.0,49.0,93.34,3.87,1652595167.0
356,resende,BR,-22.4689,-44.4467,87.0,97.0,62.92,1.48,1652595167.0
357,uwayl,,,,,,,,
358,nanchang,CN,28.6833,115.8833,100.0,77.0,64.13,2.15,1652595168.0
359,key west,US,24.5557,-81.7826,40.0,77.0,82.4,3.44,1652594968.0
360,satitoa,,,,,,,,
361,geraldton,AU,-28.7667,114.6,75.0,56.0,72.01,5.75,1652595170.0
362,cefalu,IT,38.0386,14.0229,3.0,63.0,69.75,3.0,1652595170.0
363,kongolo,CD,-5.3833,27.0,46.0,70.0,75.04,4.7,1652595171.0
364,miyako,JP,39.6367,141.9525,100.0,39.0,62.8,14.12,1652595171.0
365,muros,ES,42.7762,-9.0603,96.0,82.0,64.17,17.78,1652595172.0
366,vila franca do campo,PT,37.7167,-25.4333,60.0,74.0,59.41,18.19,1652595173.0
367,posadas,AR,-27.3671,-55.8961,98.0,100.0,58.98,5.75,1652595082.0
368,mnogovershinnyy,RU,53.9353,139.9242,100.0,97.0,30.65,8.41,1652595173.0
369,saint-augustin,CA,51.226,-58.6502,95.0,92.0,36.9,9.1,1652595174.0
370,ternova,UA,50.1849,36.6757,81.0,75.0,54.14,13.78,1652595175.0
371,vega de alatorre,MX,20.0333,-96.6333,38.0,82.0,76.37,4.14,1652595176.0
372,maxixe,MZ,-23.8597,35.3472,0.0,66.0,73.74,7.38,1652595176.0
373,langfang,CN,39.5097,116.6947,9.0,12.0,80.17,11.77,1652595177.0
374,talnakh,RU,69.4865,88.3972,100.0,100.0,39.04,7.74,1652595177.0
375,saldanha,ZA,-33.0117,17.9442,0.0,74.0,55.62,7.94,1652595178.0
376,banjarmasin,ID,-3.3244,114.591,93.0,52.0,89.74,2.57,1652595179.0
377,plouzane,FR,48.3833,-4.6167,0.0,94.0,57.25,3.44,1652595179.0
378,tabou,CI,4.423,-7.3528,98.0,87.0,78.8,3.98,1652595180.0
379,taybad,IR,34.74,60.7756,0.0,23.0,70.5,18.57,1652595180.0
380,saint marys,US,30.7305,-81.5465,40.0,93.0,73.42,3.44,1652595181.0
381,san carlos de bariloche,AR,-41.1456,-71.3082,0.0,74.0,29.95,6.91,1652595181.0
382,namibe,AO,-15.1961,12.1522,0.0,62.0,72.14,2.82,1652595182.0
383,balsas,BR,-7.5325,-46.0356,98.0,63.0,77.43,2.37,1652595183.0
384,ardrishaig,GB,56.0157,-5.4481,75.0,84.0,50.76,2.84,1652595184.0
385,betsiamites,CA,48.9413,-68.646,49.0,73.0,46.04,10.16,1652595185.0
386,bandundu,CD,-3.3167,17.3667,94.0,92.0,74.21,2.17,1652595185.0
387,fare,PF,-16.7,-151.0167,19.0,70.0,80.92,8.77,1652595187.0
388,camacha,PT,33.0833,-16.3333,20.0,82.0,62.02,6.91,1652595188.0
389,san quintin,MX,30.4833,-115.95,1.0,76.0,62.33,5.73,1652595188.0
390,jalu,LY,29.0331,21.5482,0.0,43.0,69.89,9.6,1652595189.0
391,longyearbyen,SJ,78.2186,15.6401,75.0,69.0,30.04,0.0,1652595190.0
392,bambous virieux,MU,-20.3428,57.7575,40.0,69.0,80.85,11.5,1652595190.0
393,stephenville,US,32.2207,-98.2023,0.0,72.0,77.79,4.61,1652595191.0
394,jiddah,,,,,,,,
395,contamana,PE,-7.3333,-75.0167,67.0,94.0,73.33,2.39,1652595192.0
396,bonoua,CI,5.2741,-3.595,86.0,93.0,76.62,0.51,1652595192.0
397,uruzgan,AF,32.8333,66.0,29.0,14.0,76.91,8.57,1652595193.0
398,disa,IN,24.25,72.1667,0.0,24.0,101.52,12.97,1652595032.0
399,los llanos de aridane,ES,28.6585,-17.9182,100.0,68.0,64.15,2.3,1652595194.0
400,rassvet,RU,46.8333,40.75,66.0,96.0,60.42,2.46,1652595194.0
401,boa vista,BR,2.8197,-60.6733,75.0,83.0,76.98,9.22,1652595195.0
402,andros town,BS,24.7,-77.7667,29.0,78.0,78.67,14.09,1652595195.0
403,prince rupert,CA,54.3161,-130.3201,100.0,83.0,44.78,1.1,1652595047.0
404,totoro,CO,2.512,-76.4012,97.0,95.0,50.09,2.95,1652595196.0
405,ayan,RU,56.45,138.1667,100.0,98.0,33.91,29.21,1652595197.0
406,pathalgaon,IN,22.5667,83.4667,21.0,18.0,106.47,12.3,1652595197.0
407,maralal,KE,1.0968,36.698,68.0,49.0,67.53,5.1,1652595198.0
408,pokhara,NP,28.2333,83.9833,67.0,43.0,86.0,1.74,1652595198.0
409,bathsheba,BB,13.2167,-59.5167,20.0,74.0,81.21,18.41,1652595199.0
410,itaituba,BR,-4.2761,-55.9836,100.0,99.0,73.74,2.01,1652595200.0
411,zachagansk,,,,,,,,
412,bud,US,39.447,-86.1758,100.0,96.0,62.94,3.49,1652595200.0
413,kaiyuan,CN,23.6977,103.3037,97.0,69.0,70.29,5.7,1652595201.0
414,te anau,NZ,-45.4167,167.7167,21.0,88.0,49.46,1.25,1652595202.0
415,yaan,NG,7.3833,8.5667,33.0,91.0,75.87,4.92,1652595202.0
416,vilyuysk,RU,63.7553,121.6247,41.0,43.0,41.59,5.91,1652595203.0
417,seshcha,RU,53.7361,33.3387,100.0,87.0,49.37,11.74,1652595203.0
418,asau,RO,46.4333,26.4,49.0,58.0,61.29,3.42,1652595204.0
419,sarankhola,BD,22.3082,89.7897,78.0,54.0,94.96,14.79,1652595205.0
420,slave lake,CA,55.2834,-114.769,1.0,64.0,41.27,3.78,1652595205.0
421,hamilton,US,39.1834,-84.5333,0.0,96.0,63.59,4.61,1652595206.0
422,narrabri,AU,-30.3167,149.7833,97.0,82.0,73.53,1.99,1652595206.0
423,bolshiye berezniki,,,,,,,,
424,kapit,MY,2.0167,112.9333,46.0,41.0,96.17,2.13,1652595207.0
425,pedernales,DO,18.0384,-71.744,100.0,70.0,78.6,4.09,1652595208.0
426,biu,NG,10.6129,12.1946,80.0,47.0,80.2,3.47,1652595208.0
427,adolfo lopez mateos,MX,28.4667,-107.3,59.0,10.0,58.91,4.21,1652595209.0
428,mizan teferi,ET,6.9833,35.5833,85.0,92.0,68.63,2.06,1652595210.0
429,sambava,MG,-14.2667,50.1667,10.0,62.0,78.66,14.83,1652595210.0
430,rabo de peixe,PT,37.8,-25.5833,40.0,94.0,58.51,25.32,1652595211.0
431,kinel-cherkassy,RU,53.4706,51.4743,18.0,66.0,59.76,8.84,1652595211.0
432,tucurui,BR,-3.7661,-49.6725,84.0,98.0,73.6,2.15,1652595212.0
433,almetyevsk,RU,54.9044,52.3154,10.0,66.0,57.42,11.41,1652595212.0
434,yerkoy,TR,39.6381,34.4672,77.0,60.0,63.91,2.06,1652595213.0
435,flinders,AU,-34.5833,150.8552,98.0,91.0,70.18,8.01,1652595213.0
436,ulyanovka,RU,59.6394,30.7647,96.0,73.0,50.83,8.23,1652595214.0
437,long beach,US,33.767,-118.1892,0.0,52.0,78.01,3.44,1652595215.0
438,dicabisagan,PH,17.0818,122.4157,100.0,71.0,86.95,10.47,1652595215.0
439,puerto colombia,CO,10.9878,-74.9547,81.0,80.0,82.49,7.4,1652595216.0
440,cedar rapids,US,42.0083,-91.6441,75.0,65.0,69.3,5.75,1652594977.0
441,viedma,AR,-40.8135,-62.9967,6.0,63.0,49.33,18.21,1652595217.0
442,rockwall,US,32.9001,-96.4003,0.0,80.0,80.38,9.22,1652595217.0
443,adrar,MR,20.5022,-10.0711,79.0,13.0,80.87,9.01,1652595218.0
444,nizhniy kuranakh,RU,58.8353,125.4869,89.0,72.0,38.44,8.1,1652595218.0
445,berlevag,NO,70.8578,29.0864,100.0,93.0,44.4,9.22,1652595219.0
446,somogyvar,HU,46.5814,17.6629,2.0,61.0,63.28,3.2,1652595219.0
447,muravlenko,RU,63.7898,74.523,94.0,63.0,59.67,10.54,1652595220.0
448,richards bay,ZA,-28.783,32.0377,97.0,93.0,66.36,4.07,1652595220.0
449,namuac,PH,18.6109,121.1657,70.0,72.0,85.48,4.14,1652595221.0
450,anadyr,RU,64.75,177.4833,70.0,75.0,41.49,21.99,1652595221.0
451,susurluk,TR,39.9136,28.1578,5.0,58.0,64.89,2.33,1652595222.0
452,moree,AU,-29.4667,149.85,97.0,88.0,68.59,5.79,1652595223.0
453,saurimo,AO,-9.6608,20.3916,1.0,56.0,64.72,7.23,1652595223.0
454,kropotkin,RU,45.4375,40.5756,27.0,66.0,62.04,15.82,1652594974.0
455,koulikoro,ML,14.0,-7.75,62.0,13.0,78.1,9.89,1652595224.0
456,coihaique,CL,-45.5752,-72.0662,100.0,93.0,28.35,3.44,1652595224.0
457,fuerte,PH,17.5381,120.3644,94.0,89.0,88.11,8.77,1652595225.0
458,puro,PH,12.4841,123.3827,60.0,67.0,86.47,5.03,1652595226.0
459,sioux lookout,CA,50.1001,-91.917,76.0,81.0,45.36,7.92,1652595226.0
460,natal,BR,-5.795,-35.2094,75.0,100.0,75.85,4.61,1652595227.0
461,meulaboh,ID,4.1363,96.1285,100.0,87.0,79.59,3.89,1652595227.0
462,crab hill,,,,,,,,
463,dong hoi,VN,17.4833,106.6,78.0,71.0,88.79,5.41,1652595228.0
464,chifeng,CN,42.2683,118.9636,74.0,15.0,69.6,15.7,1652595228.0
465,drovyanaya,RU,51.5833,113.0333,34.0,19.0,65.41,7.7,1652595229.0
466,norman wells,CA,65.282,-126.8329,100.0,96.0,37.47,4.99,1652595229.0
467,guhagar,IN,17.4842,73.1929,62.0,52.0,91.47,11.79,1652595230.0
468,ginir,ET,7.1333,40.7,67.0,61.0,67.82,3.76,1652595230.0
469,aksarka,RU,66.5606,67.7975,100.0,73.0,52.02,6.11,1652595231.0
470,pelym,RU,61.0108,61.9978,92.0,54.0,58.91,12.33,1652595232.0
471,tubruq,,,,,,,,
472,seymchan,RU,62.8833,152.4333,100.0,87.0,40.33,8.52,1652595232.0
473,komsomolskiy,UZ,40.4272,71.7189,40.0,68.0,66.92,4.61,1652595233.0
474,rocha,UY,-34.4833,-54.3333,96.0,85.0,54.16,7.78,1652595146.0
475,tumannyy,,,,,,,,
476,gondanglegi,ID,-7.7479,112.0132,59.0,60.0,89.82,2.1,1652595234.0
477,munai,PH,7.9758,124.0636,96.0,91.0,75.97,1.63,1652595235.0
478,rafraf,TN,37.1904,10.1837,78.0,67.0,64.71,7.25,1652595235.0
479,nelson bay,AU,-32.7167,152.15,98.0,91.0,73.99,6.15,1652595217.0
480,guozhen,CN,34.3659,107.359,94.0,28.0,73.09,5.55,1652595236.0
481,bartica,GY,6.4,-58.6167,99.0,99.0,77.32,2.57,1652595236.0
482,oranjemund,NA,-28.55,16.4333,0.0,44.0,58.98,5.19,1652595237.0
483,araouane,ML,18.9048,-3.5265,41.0,11.0,75.15,11.63,1652595238.0
484,vondrozo,MG,-22.8167,47.2833,90.0,73.0,67.17,2.08,1652595238.0
485,phangnga,TH,8.4509,98.5298,86.0,72.0,87.84,5.14,1652595239.0
486,ondorhaan,,,,,,,,
487,socorro,US,31.6546,-106.3033,0.0,10.0,78.37,3.44,1652595242.0
488,egvekinot,RU,66.3167,-179.1667,98.0,98.0,32.88,6.4,1652595242.0
489,kajaani,FI,64.2273,27.7285,75.0,81.0,44.65,10.36,1652595243.0
490,iglino,RU,54.8324,56.4126,57.0,66.0,64.02,12.97,1652595244.0
491,yambio,SS,4.5721,28.3955,92.0,84.0,72.97,4.72,1652595244.0
492,jizan,SA,17.3333,42.6667,0.0,21.0,99.61,5.41,1652595245.0
493,u thong,TH,14.3751,99.8923,44.0,40.0,97.84,6.67,1652595245.0
494,boralday,KZ,43.3578,76.8594,100.0,59.0,64.26,4.47,1652595246.0
495,high level,CA,58.5169,-117.136,56.0,93.0,44.53,6.71,1652595144.0
496,todos santos,MX,23.45,-110.2167,100.0,76.0,65.66,3.53,1652595247.0
497,luwuk,ID,-0.9516,122.7875,100.0,85.0,81.95,3.33,1652595249.0
498,bobcaygeon,CA,44.5462,-78.542,88.0,95.0,63.88,1.52,1652595109.0
499,novobirilyussy,RU,56.9514,90.6661,100.0,43.0,70.02,6.08,1652595250.0
500,chagda,,,,,,,,
501,sur,OM,22.5667,59.5289,1.0,51.0,87.58,8.77,1652595251.0
502,coruripe,BR,-10.1256,-36.1756,49.0,88.0,76.03,7.0,1652595252.0
503,kokkinion,,,,,,,,
504,cap malheureux,MU,-19.9842,57.6142,2.0,64.0,80.47,10.0,1652595253.0
505,kahului,US,20.8947,-156.47,40.0,70.0,78.82,11.5,1652595253.0
506,bundaberg,AU,-24.85,152.35,30.0,72.0,80.22,1.99,1652595254.0
507,muisne,EC,0.6,-80.0333,100.0,88.0,76.5,5.35,1652595254.0
508,saryagash,KZ,41.4511,69.1701,0.0,39.0,71.56,4.29,1652595255.0
509,durban,ZA,-29.8579,31.0292,93.0,92.0,65.93,3.0,1652595049.0
510,warqla,,,,,,,,
511,hefei,CN,31.8639,117.2808,97.0,23.0,74.77,5.44,1652595256.0
512,mookane,BW,-23.688,26.6595,5.0,41.0,63.36,7.45,1652595257.0
513,kawana waters,,,,,,,,
514,grand island,US,40.925,-98.342,0.0,74.0,59.23,5.75,1652595257.0
515,matara,LK,5.9485,80.5353,92.0,81.0,82.87,15.86,1652595258.0
516,baruun-urt,MN,46.6806,113.2792,53.0,17.0,63.97,21.45,1652595259.0
517,raychikhinsk,RU,49.7838,129.4121,85.0,64.0,47.77,16.98,1652595259.0
518,ilulissat,GL,69.2167,-51.1,19.0,84.0,2.64,7.92,1652595260.0
519,phan thiet,VN,10.9333,108.1,53.0,65.0,88.92,10.8,1652595260.0
520,pula,HR,44.8683,13.8481,0.0,64.0,72.16,0.0,1652595261.0
521,vanavara,RU,60.34,102.2797,58.0,21.0,73.81,2.33,1652595262.0
522,balkhash,KZ,46.844,74.9804,20.0,53.0,72.21,11.18,1652595262.0
523,nioro,GM,13.35,-15.75,3.0,69.0,75.18,3.87,1652595263.0
524,indramayu,ID,-6.3264,108.32,92.0,71.0,86.47,9.13,1652595264.0
525,broome,US,42.2506,-75.833,0.0,93.0,65.01,3.44,1652595264.0
526,pangnirtung,CA,66.1451,-65.7125,13.0,86.0,8.87,7.2,1652595265.0
527,yining,CN,29.0361,114.5636,100.0,93.0,58.89,1.92,1652595265.0
528,bama,NG,11.5221,13.6856,63.0,39.0,85.24,6.2,1652595266.0
529,belmonte,BR,-15.8631,-38.8828,100.0,86.0,73.99,9.31,1652595268.0
530,charlestown,AU,-32.95,151.6667,100.0,88.0,74.1,1.99,1652595268.0
531,kaeo,NZ,-35.1,173.7833,51.0,84.0,63.32,7.45,1652595269.0
532,tokur,RU,53.1333,132.9,100.0,77.0,37.2,7.61,1652595269.0
533,piacabucu,BR,-10.4056,-36.4344,80.0,88.0,76.15,5.19,1652595270.0
534,pevek,RU,69.7008,170.3133,97.0,78.0,27.14,12.93,1652595141.0
535,dunda,TZ,-8.1167,34.25,21.0,64.0,68.95,4.41,1652595271.0
536,magui,,,,,,,,
537,babanusah,,,,,,,,
538,tevriz,RU,57.509,72.4042,91.0,34.0,65.97,9.82,1652595272.0
539,kushmurun,KZ,52.4503,64.6311,67.0,50.0,65.03,14.0,1652595272.0
540,ambon,ID,-3.6954,128.1814,40.0,62.0,89.74,5.75,1652595273.0
541,kupang,ID,-10.1667,123.5833,42.0,75.0,83.07,1.21,1652595273.0
542,hoa binh,VN,20.8133,105.3383,100.0,87.0,71.92,3.0,1652595126.0
543,bardiyah,LY,31.7561,25.0865,0.0,71.0,67.46,13.38,1652595275.0
544,labuhan,ID,-6.8844,112.2051,82.0,71.0,86.4,5.5,1652595276.0
545,ilheus,BR,-14.7889,-39.0494,100.0,92.0,72.14,5.21,1652595276.0
546,ibague,CO,4.4389,-75.2322,100.0,96.0,66.2,3.18,1652595277.0
547,cockburn harbour,,,,,,,,
548,haysville,US,37.5645,-97.3523,20.0,78.0,73.92,5.75,1652595206.0
549,wesselsbron,ZA,-27.8549,26.3658,0.0,53.0,53.02,6.64,1652595278.0
550,ouesso,CG,1.6136,16.0517,72.0,95.0,73.13,0.92,1652595278.0
551,dargaville,NZ,-35.9333,173.8833,66.0,89.0,62.26,9.46,1652595279.0
552,dolbeau,,,,,,,,
553,coos bay,US,43.3665,-124.2179,100.0,100.0,56.93,0.0,1652595047.0
554,hasaki,JP,35.7333,140.8333,100.0,53.0,64.8,12.35,1652595280.0
555,lev tolstoy,RU,53.2134,39.446,96.0,74.0,51.17,11.43,1652595281.0
556,lethem,GY,3.3803,-59.7968,59.0,84.0,76.1,10.33,1652595281.0
557,teya,RU,60.3778,92.6267,93.0,41.0,71.62,2.04,1652595282.0
558,belyy yar,RU,53.6039,91.3903,0.0,18.0,81.86,6.71,1652595282.0
559,ngunguru,NZ,-35.6167,174.5,60.0,80.0,63.28,8.81,1652595283.0
560,natchitoches,US,31.7668,-93.1335,0.0,94.0,72.45,0.0,1652595284.0
561,saint-leu,RE,-21.15,55.2833,26.0,73.0,79.66,9.26,1652595284.0
562,bairiki,KI,1.3292,172.9752,40.0,74.0,84.2,3.44,1652595285.0
563,denpasar,ID,-8.65,115.2167,40.0,70.0,87.46,9.22,1652595126.0
564,sorkjosen,NO,69.8,20.9333,100.0,93.0,41.0,2.3,1652595285.0
565,malanday,PH,14.7069,121.1306,86.0,51.0,90.01,4.47,1652595286.0
566,horasan,TR,40.0458,42.1728,63.0,50.0,59.88,1.1,1652595287.0
567,ashqelon,IL,31.6693,34.5715,60.0,64.0,72.82,10.07,1652595287.0
568,tatarsk,RU,55.219,75.9828,66.0,42.0,71.33,15.35,1652595288.0
569,adamovka,RU,51.5223,59.9396,100.0,92.0,51.55,3.76,1652595288.0
570,yokadouma,CM,3.5167,15.05,79.0,95.0,70.16,0.49,1652595289.0
571,kiama,AU,-34.6833,150.8667,95.0,92.0,70.38,1.01,1652595290.0
572,benguela,AO,-12.5763,13.4055,2.0,79.0,75.16,3.31,1652595290.0
573,nurota,UZ,40.5614,65.6886,0.0,29.0,75.24,16.89,1652595291.0
574,bonthe,SL,7.5264,-12.505,78.0,88.0,76.26,4.07,1652595292.0
575,xiaoweizhai,CN,26.1903,107.5125,100.0,91.0,53.33,7.18,1652595292.0
576,kumluca,TR,36.3703,30.2869,0.0,40.0,72.34,3.69,1652595293.0
577,wanaka,NZ,-44.7,169.15,99.0,91.0,50.11,2.17,1652595293.0
578,sao gabriel da cachoeira,BR,-0.1303,-67.0892,99.0,99.0,73.11,0.56,1652595294.0
579,erenhot,CN,43.6475,111.9767,21.0,12.0,65.71,18.92,1652595295.0
580,shizunai,JP,42.3339,142.3669,84.0,79.0,50.9,14.09,1652595233.0
581,sfantu gheorghe,RO,45.8667,25.7833,94.0,73.0,62.65,2.59,1652595103.0
582,chicama,PE,-7.8447,-79.1469,44.0,85.0,61.34,5.06,1652595296.0
583,wuzhou,CN,23.4833,111.3167,100.0,89.0,66.67,4.85,1652595296.0
584,takoradi,GH,4.8845,-1.7554,82.0,86.0,78.64,2.91,1652595297.0
585,kungurtug,RU,50.5994,97.5228,48.0,13.0,69.49,4.21,1652595297.0
586,iquique,CL,-20.2208,-70.1431,41.0,77.0,60.84,2.57,1652595298.0
587,freeport,US,40.6576,-73.5832,100.0,88.0,63.77,5.75,1652595202.0
588,chara,RU,56.9064,118.2631,58.0,50.0,47.73,3.6,1652595299.0
589,sovetskiy,RU,61.3614,63.5842,100.0,57.0,57.49,13.47,1652595299.0
590,rovira,CO,4.2392,-75.24,98.0,90.0,69.17,3.0,1652595300.0
591,west monroe,US,32.5185,-92.1476,0.0,88.0,71.6,0.0,1652595300.0
592,leningradskiy,RU,69.3833,178.4167,100.0,93.0,32.52,22.15,1652595301.0
593,laibin,CN,23.7,109.2667,100.0,85.0,62.51,12.59,1652595302.0
594,xai-xai,MZ,-25.0519,33.6442,29.0,77.0,72.61,2.46,1652595302.0
595,gat,IL,31.61,34.7642,60.0,100.0,73.4,10.31,1652595303.0
596,ilhabela,BR,-23.7781,-45.3581,90.0,88.0,70.5,7.67,1652595305.0
597,kampene,CD,-3.6,26.6667,94.0,85.0,73.51,2.37,1652595306.0
598,oistins,BB,13.0667,-59.5333,20.0,74.0,80.69,18.41,1652595258.0
599,buenos aires,AR,-34.6132,-58.3772,0.0,59.0,53.33,5.75,1652595272.0
600,tadine,NC,-21.55,167.8833,19.0,72.0,73.94,11.59,1652595307.0
601,suoyarvi,RU,62.0833,32.35,76.0,75.0,50.79,3.4,1652595307.0
602,obluche,,,,,,,,
603,sembe,CG,1.6481,14.5806,90.0,94.0,72.52,0.72,1652595308.0
604,savasleyka,RU,55.4606,42.3207,76.0,66.0,54.37,5.88,1652595309.0
605,helong,CN,42.5397,128.9972,66.0,28.0,63.45,16.89,1652595309.0
606,ivankiv,UA,50.9386,29.8943,88.0,70.0,54.79,12.3,1652595310.0
607,nemuro,JP,43.3236,145.575,95.0,84.0,45.75,13.96,1652595310.0
608,houma,US,29.5958,-90.7195,0.0,89.0,75.2,4.61,1652595288.0
609,marawi,PH,7.9986,124.2928,91.0,89.0,74.66,1.01,1652595311.0
610,barabai,ID,-2.5833,115.3833,96.0,67.0,87.51,4.05,1652595312.0
611,zhezkazgan,KZ,47.8043,67.7144,40.0,43.0,71.58,11.18,1652595312.0
612,husavik,IS,66.0449,-17.3389,99.0,88.0,38.25,11.01,1652595313.0
613,nerang,AU,-27.9833,153.3333,32.0,95.0,78.85,6.6,1652595315.0
614,kamiiso,JP,41.8167,140.65,40.0,76.0,55.78,19.57,1652595315.0
615,golkoy,TR,40.6875,37.6178,56.0,51.0,51.21,2.39,1652595316.0
616,troitsko-pechorsk,RU,62.7084,56.1964,100.0,95.0,42.94,4.12,1652595316.0
617,saryshagan,,,,,,,,
618,mogadishu,SO,2.0371,45.3438,94.0,77.0,81.59,21.21,1652595317.0
619,nogales,MX,31.3086,-110.9422,0.0,11.0,67.57,3.44,1652595265.0
620,gambela,ET,8.25,34.5833,94.0,66.0,82.2,2.51,1652595318.0
621,vite,IN,17.2833,74.55,51.0,27.0,92.37,8.23,1652595319.0
622,la romana,DO,18.4273,-68.9728,100.0,82.0,75.43,4.54,1652595320.0
623,ao luk,,,,,,,,
624,san vicente,AR,-26.6167,-54.1333,98.0,100.0,57.33,1.23,1652595321.0
625,inta,RU,66.0317,60.1659,60.0,86.0,47.37,13.15,1652595321.0
626,praia da vitoria,PT,38.7333,-27.0667,40.0,82.0,57.76,15.23,1652595322.0
627,khairpur nathan shah,PK,27.0936,67.7337,0.0,9.0,109.38,3.76,1652595322.0
628,katsuura,JP,35.1333,140.3,100.0,73.0,63.5,16.2,1652595323.0
629,linxia,CN,35.6003,103.2064,49.0,40.0,57.65,8.14,1652595324.0
630,formosa do rio preto,BR,-11.0483,-45.1931,100.0,59.0,71.8,3.4,1652595324.0
